time,open,high,low,close,tick_volume,spread,real_volume
2024-09-19 14:15:00,5788.0,5792.25,5788.0,5790.75,20,25,84
2024-09-19 14:20:00,5792.5,5792.75,5787.5,5788.0,15,25,19
2024-09-19 14:25:00,5790.0,5790.75,5789.75,5790.5,6,25,7
2024-09-19 14:30:00,5790.75,5793.0,5790.75,5792.5,22,25,58
2024-09-19 14:35:00,5792.75,5794.5,5791.5,5794.5,34,25,124
2024-09-19 14:40:00,5794.75,5797.5,5794.0,5797.25,52,25,160
2024-09-19 14:45:00,5798.0,5800.5,5796.75,5798.0,60,25,454
2024-09-19 14:50:00,5798.0,5800.75,5797.0,5800.25,37,25,145
2024-09-19 14:55:00,5800.25,5800.25,5797.25,5798.5,29,25,249
2024-09-19 15:00:00,5798.5,5799.0,5797.75,5799.0,16,25,42
2024-09-19 15:05:00,5800.0,5800.0,5794.25,5794.25,27,25,51
2024-09-19 15:10:00,5793.5,5793.5,5791.0,5791.5,24,25,39
2024-09-19 15:15:00,5790.0,5790.0,5781.0,5784.0,53,25,261
2024-09-19 15:20:00,5786.75,5789.0,5784.75,5789.0,15,25,28
2024-09-19 15:25:00,5786.5,5792.5,5785.5,5792.0,24,25,94
2024-09-19 15:30:00,5792.25,5792.5,5790.0,5790.25,17,25,66
2024-09-19 15:35:00,5790.5,5794.5,5790.0,5794.25,28,25,47
2024-09-19 15:40:00,5793.5,5794.25,5792.5,5793.0,18,25,175
2024-09-19 15:45:00,5791.75,5793.0,5787.5,5787.5,23,25,59
2024-09-19 15:50:00,5787.0,5788.25,5783.5,5787.5,43,25,369
2024-09-19 15:55:00,5786.0,5791.0,5786.0,5791.0,16,25,29
2024-09-19 16:00:00,5790.75,5792.5,5787.0,5792.5,23,25,70
2024-09-19 16:05:00,5791.75,5791.75,5789.0,5789.75,12,25,28
2024-09-19 16:10:00,5788.75,5788.75,5786.25,5786.25,9,25,11
2024-09-19 16:15:00,5785.0,5787.25,5784.0,5784.0,7,25,21
2024-09-19 16:20:00,5784.0,5788.25,5779.75,5788.0,28,25,68
2024-09-19 16:25:00,5786.5,5786.5,5781.0,5784.0,12,25,64
2024-09-19 16:30:00,5782.5,5782.5,5778.25,5780.0,14,25,60
2024-09-19 16:35:00,5783.5,5785.75,5782.75,5785.75,26,25,118
2024-09-19 16:40:00,5786.5,5788.25,5781.75,5782.75,28,25,87
2024-09-19 16:45:00,5786.0,5788.5,5786.0,5788.5,21,25,533
2024-09-19 16:50:00,5785.5,5785.5,5775.25,5780.75,51,25,227
2024-09-19 16:55:00,5781.75,5785.25,5777.25,5781.25,92,25,269
2024-09-19 17:00:00,5779.75,5781.0,5778.75,5779.75,52,25,305
2024-09-19 17:05:00,5779.0,5779.75,5779.0,5779.75,3,25,5
2024-09-19 17:10:00,5779.0,5779.0,5776.75,5776.75,20,25,160
2024-09-19 17:15:00,5778.0,5779.0,5778.0,5778.25,3,25,3
2024-09-19 17:20:00,5778.25,5779.25,5778.0,5779.25,3,25,9
2024-09-19 17:25:00,5780.0,5780.0,5780.0,5780.0,2,25,6
2024-09-19 17:30:00,5780.0,5780.0,5779.5,5779.5,6,25,47
2024-09-19 17:35:00,5779.5,5780.25,5779.5,5780.0,4,25,12
2024-09-19 17:40:00,5780.5,5780.5,5779.75,5780.5,13,25,695
2024-09-19 17:45:00,5780.0,5780.25,5779.25,5779.75,30,25,612
2024-09-19 17:50:00,5779.5,5779.5,5778.0,5779.5,18,25,45
2024-09-20 09:00:00,5766.25,5770.0,5766.25,5770.0,59,25,137
2024-09-20 09:05:00,5770.5,5772.75,5769.25,5772.75,71,25,865
2024-09-20 09:10:00,5772.25,5772.75,5771.25,5772.25,20,25,69
2024-09-20 09:15:00,5772.75,5773.5,5771.25,5771.5,27,25,85
2024-09-20 09:20:00,5772.0,5774.75,5771.75,5774.75,11,25,55
2024-09-20 09:25:00,5773.75,5774.5,5772.5,5774.25,18,25,100
2024-09-20 09:30:00,5773.25,5775.25,5772.5,5774.25,27,25,62
2024-09-20 09:35:00,5773.75,5775.5,5773.75,5775.5,19,25,49
2024-09-20 09:40:00,5775.5,5777.0,5775.25,5776.25,37,25,104
2024-09-20 09:45:00,5776.0,5776.75,5775.0,5776.5,29,25,72
2024-09-20 09:50:00,5776.25,5776.25,5773.25,5774.25,28,25,53
2024-09-20 09:55:00,5774.5,5775.75,5774.5,5775.75,12,25,33
2024-09-20 10:00:00,5775.75,5775.75,5770.5,5771.75,47,25,103
2024-09-20 10:05:00,5770.25,5770.25,5763.5,5765.25,95,25,208
2024-09-20 10:10:00,5766.5,5768.25,5764.25,5767.25,58,25,212
2024-09-20 10:15:00,5767.75,5767.75,5763.75,5765.25,73,25,455
2024-09-20 10:20:00,5765.25,5766.25,5763.0,5764.25,29,25,76
2024-09-20 10:25:00,5763.75,5765.5,5762.75,5763.75,38,25,135
2024-09-20 10:30:00,5764.75,5767.75,5761.25,5765.25,157,25,540
2024-09-20 10:35:00,5766.0,5770.0,5765.5,5768.75,118,25,434
2024-09-20 10:40:00,5768.0,5768.5,5762.75,5764.75,95,25,239
2024-09-20 10:45:00,5762.25,5765.0,5760.25,5761.25,57,25,238
2024-09-20 10:50:00,5763.0,5765.5,5761.0,5761.0,50,25,158
2024-09-20 10:55:00,5762.0,5762.25,5754.25,5755.5,75,25,159
2024-09-20 11:00:00,5756.0,5758.25,5752.5,5756.25,79,25,218
2024-09-20 11:05:00,5757.25,5758.5,5755.0,5755.25,47,25,177
2024-09-20 11:10:00,5756.75,5757.25,5748.75,5750.0,90,25,322
2024-09-20 11:15:00,5751.0,5758.25,5750.5,5756.75,86,25,337
2024-09-20 11:20:00,5757.75,5760.5,5756.75,5759.75,69,25,170
2024-09-20 11:25:00,5758.75,5761.25,5757.25,5757.25,30,25,204
2024-09-20 11:30:00,5757.75,5760.5,5753.75,5759.0,58,25,176
2024-09-20 11:35:00,5757.75,5762.75,5754.5,5762.0,64,25,282
2024-09-20 11:40:00,5760.25,5761.0,5756.25,5759.0,31,25,131
2024-09-20 11:45:00,5759.25,5759.25,5754.75,5756.0,42,25,228
2024-09-20 11:50:00,5757.75,5757.75,5749.75,5751.25,44,25,229
2024-09-20 11:55:00,5750.0,5751.75,5747.0,5748.75,45,25,67
2024-09-20 12:00:00,5748.75,5748.75,5744.75,5746.5,51,25,149
2024-09-20 12:05:00,5748.5,5748.5,5747.0,5747.5,17,25,54
2024-09-20 12:10:00,5747.5,5748.25,5741.0,5741.25,35,25,83
2024-09-20 12:15:00,5741.75,5744.5,5736.25,5743.5,71,25,160
2024-09-20 12:20:00,5743.5,5746.5,5743.5,5745.0,44,25,129
2024-09-20 12:25:00,5745.25,5746.75,5744.0,5744.75,82,25,196
2024-09-20 12:30:00,5744.25,5750.75,5742.25,5748.75,83,25,214
2024-09-20 12:35:00,5750.0,5752.0,5747.0,5750.25,74,25,256
2024-09-20 12:40:00,5750.75,5758.0,5749.0,5757.25,80,25,367
2024-09-20 12:45:00,5757.5,5757.75,5753.0,5755.5,68,25,243
2024-09-20 12:50:00,5755.75,5755.75,5749.75,5751.0,46,25,123
2024-09-20 12:55:00,5753.25,5757.0,5753.25,5753.75,46,25,198
2024-09-20 13:00:00,5753.5,5757.0,5752.5,5756.5,19,25,75
2024-09-20 13:05:00,5754.25,5759.5,5754.25,5758.5,27,25,107
2024-09-20 13:10:00,5758.25,5758.25,5756.25,5757.5,26,25,63
2024-09-20 13:15:00,5757.5,5758.25,5755.25,5756.25,16,25,34
2024-09-20 13:20:00,5758.5,5763.75,5757.75,5763.0,56,25,308
2024-09-20 13:25:00,5763.75,5764.5,5762.0,5764.25,29,25,159
2024-09-20 13:30:00,5764.0,5764.75,5762.0,5763.0,53,25,171
2024-09-20 13:35:00,5763.25,5766.5,5763.25,5766.0,57,25,162
2024-09-20 13:40:00,5765.5,5767.0,5765.0,5766.75,32,25,112
2024-09-20 13:45:00,5766.75,5768.25,5766.5,5768.0,29,25,207
2024-09-20 13:50:00,5769.0,5770.25,5768.25,5769.0,40,25,128
2024-09-20 13:55:00,5769.0,5769.25,5766.5,5766.5,13,25,94
2024-09-20 14:00:00,5766.5,5768.5,5763.75,5764.75,48,25,211
2024-09-20 14:05:00,5764.75,5767.5,5764.75,5766.25,15,25,33
2024-09-20 14:10:00,5766.0,5769.5,5766.0,5769.5,11,25,19
2024-09-20 14:15:00,5769.0,5769.5,5768.5,5769.25,7,25,23
2024-09-20 14:20:00,5768.0,5768.5,5766.25,5766.25,12,25,61
2024-09-20 14:25:00,5768.0,5768.25,5764.75,5766.25,12,25,102
2024-09-20 14:30:00,5768.5,5771.0,5768.5,5771.0,8,25,47
2024-09-20 14:35:00,5771.5,5772.0,5768.5,5768.5,18,25,45
2024-09-20 14:40:00,5769.25,5771.75,5768.5,5768.5,12,25,21
2024-09-20 14:45:00,5768.5,5769.25,5767.0,5768.5,17,25,35
2024-09-20 14:50:00,5768.25,5768.25,5764.75,5767.0,19,25,53
2024-09-20 14:55:00,5765.5,5766.0,5764.5,5765.75,15,25,119
2024-09-20 15:00:00,5765.25,5765.5,5755.25,5757.5,74,25,300
2024-09-20 15:05:00,5757.0,5757.5,5752.0,5752.75,39,25,111
2024-09-20 15:10:00,5752.75,5757.0,5749.0,5755.0,41,25,144
2024-09-20 15:15:00,5754.25,5756.25,5754.0,5754.5,16,25,41
2024-09-20 15:20:00,5754.0,5754.0,5750.75,5750.75,24,25,70
2024-09-20 15:25:00,5750.75,5752.0,5750.75,5752.0,10,25,21
2024-09-20 15:30:00,5750.25,5750.5,5747.75,5750.0,27,25,110
2024-09-20 15:35:00,5749.25,5749.5,5747.0,5749.0,16,25,68
2024-09-20 15:40:00,5748.25,5751.0,5746.25,5750.75,29,25,58
2024-09-20 15:45:00,5749.5,5752.75,5749.25,5752.25,16,25,37
2024-09-20 15:50:00,5751.25,5758.0,5751.25,5758.0,34,25,91
2024-09-20 15:55:00,5757.0,5761.25,5756.5,5759.75,17,25,42
2024-09-20 16:00:00,5758.75,5761.5,5758.0,5760.5,36,25,130
2024-09-20 16:05:00,5760.25,5760.25,5755.75,5758.0,15,25,32
2024-09-20 16:10:00,5758.75,5759.0,5755.5,5759.0,24,25,132
2024-09-20 16:15:00,5758.75,5764.0,5758.75,5762.75,40,25,259
2024-09-20 16:20:00,5762.25,5771.5,5762.25,5765.5,73,25,270
2024-09-20 16:25:00,5766.0,5768.5,5765.5,5766.75,41,25,211
2024-09-20 16:30:00,5767.25,5767.5,5765.0,5767.5,14,25,118
2024-09-20 16:35:00,5768.25,5778.25,5768.25,5774.5,60,25,252
2024-09-20 16:40:00,5773.5,5776.75,5772.0,5776.75,52,25,386
2024-09-20 16:45:00,5775.25,5775.25,5769.25,5770.25,53,25,288
2024-09-20 16:50:00,5770.5,5771.0,5764.5,5768.0,35,25,126
2024-09-20 16:55:00,5768.75,5769.0,5762.5,5765.0,146,25,598
2024-09-20 17:00:00,5764.5,5765.75,5763.75,5763.75,11,25,189
2024-09-20 17:05:00,5763.75,5763.75,5760.25,5762.0,18,25,122
2024-09-20 17:10:00,5761.5,5761.5,5758.25,5758.25,25,25,275
2024-09-20 17:15:00,5757.75,5759.25,5757.5,5758.75,23,25,664
2024-09-20 17:20:00,5758.25,5758.75,5756.75,5757.75,10,25,31
2024-09-20 17:25:00,5759.0,5759.0,5757.5,5757.75,29,25,155
2024-09-20 17:30:00,5758.25,5758.25,5756.25,5757.75,50,25,174
2024-09-20 17:35:00,5758.0,5761.0,5758.0,5761.0,18,25,87
2024-09-20 17:40:00,5761.5,5762.75,5761.0,5762.0,17,25,460
2024-09-20 17:45:00,5761.5,5762.25,5760.75,5760.75,77,25,121
2024-09-20 17:50:00,5760.75,5762.25,5760.5,5762.25,145,25,167
2024-09-23 09:00:00,5769.25,5774.25,5766.25,5772.75,144,25,487
2024-09-23 09:05:00,5772.5,5775.5,5772.25,5774.25,36,25,197
2024-09-23 09:10:00,5773.75,5773.75,5771.25,5771.75,15,25,398
2024-09-23 09:15:00,5772.0,5773.0,5770.0,5770.0,23,25,64
2024-09-23 09:20:00,5769.75,5774.0,5769.75,5773.25,12,25,29
2024-09-23 09:25:00,5773.0,5774.25,5773.0,5774.25,8,25,37
2024-09-23 09:30:00,5774.0,5774.25,5773.5,5774.0,9,25,27
2024-09-23 09:35:00,5774.25,5775.75,5773.25,5773.25,16,25,76
2024-09-23 09:40:00,5774.5,5776.0,5774.5,5774.5,20,25,194
2024-09-23 09:45:00,5773.25,5774.0,5773.25,5773.5,12,25,21
2024-09-23 09:50:00,5772.75,5774.75,5772.25,5774.0,19,25,105
2024-09-23 09:55:00,5772.25,5777.75,5772.0,5777.0,30,25,54
2024-09-23 10:00:00,5776.5,5779.75,5776.5,5779.0,18,25,29
2024-09-23 10:05:00,5779.25,5779.25,5776.5,5776.5,18,25,41
2024-09-23 10:10:00,5776.75,5777.0,5773.5,5773.5,16,25,24
2024-09-23 10:15:00,5773.25,5774.0,5773.25,5773.5,14,25,95
2024-09-23 10:20:00,5774.25,5774.25,5773.5,5773.5,2,25,3
2024-09-23 10:25:00,5774.0,5777.75,5773.25,5777.0,27,25,42
2024-09-23 10:30:00,5776.75,5777.5,5768.5,5772.75,87,25,359
2024-09-23 10:35:00,5771.5,5773.25,5769.25,5770.75,51,25,294
2024-09-23 10:40:00,5771.5,5773.25,5770.75,5771.75,18,25,205
2024-09-23 10:45:00,5771.5,5775.0,5766.0,5774.5,156,25,1364
2024-09-23 10:50:00,5775.0,5777.0,5769.5,5772.25,74,25,290
2024-09-23 10:55:00,5775.0,5775.0,5770.25,5771.25,50,25,127
2024-09-23 11:00:00,5771.0,5778.0,5768.0,5776.0,96,25,621
2024-09-23 11:05:00,5776.0,5780.75,5774.5,5777.0,95,25,370
2024-09-23 11:10:00,5777.25,5780.0,5773.75,5774.5,71,25,255
2024-09-23 11:15:00,5773.75,5782.0,5772.0,5779.75,59,25,230
2024-09-23 11:20:00,5780.25,5786.0,5779.75,5782.0,151,25,772
2024-09-23 11:25:00,5782.25,5782.25,5777.75,5780.5,49,25,120
2024-09-23 11:30:00,5781.5,5781.5,5776.5,5779.0,42,25,99
2024-09-23 11:35:00,5778.25,5780.25,5772.0,5773.0,113,25,285
2024-09-23 11:40:00,5773.25,5781.0,5773.25,5781.0,74,25,249
2024-09-23 11:45:00,5780.5,5783.25,5779.5,5781.0,35,25,146
2024-09-23 11:50:00,5780.25,5784.25,5779.5,5782.25,48,25,259
2024-09-23 11:55:00,5781.0,5784.25,5778.75,5782.0,44,25,241
2024-09-23 12:00:00,5780.5,5780.5,5774.75,5776.5,53,25,233
2024-09-23 12:05:00,5775.0,5775.0,5770.75,5775.0,56,25,144
2024-09-23 12:10:00,5774.0,5776.75,5774.0,5776.0,54,25,192
2024-09-23 12:15:00,5776.25,5776.25,5772.25,5773.5,14,25,51
2024-09-23 12:20:00,5775.25,5779.75,5775.0,5779.25,36,25,145
2024-09-23 12:25:00,5779.0,5781.25,5777.5,5780.25,36,25,148
2024-09-23 12:30:00,5781.0,5782.5,5780.0,5781.75,29,25,106
2024-09-23 12:35:00,5782.25,5783.0,5780.75,5783.0,43,25,121
2024-09-23 12:40:00,5782.75,5783.5,5781.25,5781.5,23,25,80
2024-09-23 12:45:00,5782.25,5783.5,5781.25,5781.25,17,25,23
2024-09-23 12:50:00,5782.0,5784.5,5781.75,5783.5,25,25,51
2024-09-23 12:55:00,5782.5,5782.5,5776.75,5779.0,39,25,94
2024-09-23 13:00:00,5776.75,5778.5,5776.5,5778.5,19,25,90
2024-09-23 13:05:00,5778.5,5779.5,5777.0,5777.0,33,25,73
2024-09-23 13:10:00,5776.75,5777.0,5769.25,5773.75,117,25,309
2024-09-23 13:15:00,5770.0,5775.25,5766.5,5772.0,74,25,234
2024-09-23 13:20:00,5770.0,5774.75,5770.0,5773.0,27,25,50
2024-09-23 13:25:00,5773.75,5773.75,5772.0,5772.0,14,25,83
2024-09-23 13:30:00,5771.75,5773.5,5769.25,5773.5,34,25,133
2024-09-23 13:35:00,5774.5,5774.5,5768.5,5771.25,36,25,146
2024-09-23 13:40:00,5769.75,5770.5,5769.5,5769.5,12,25,96
2024-09-23 13:45:00,5768.75,5770.75,5765.75,5770.75,97,25,591
2024-09-23 13:50:00,5771.0,5771.75,5768.25,5769.75,25,25,52
2024-09-23 13:55:00,5768.0,5769.75,5767.75,5768.25,8,25,16
2024-09-23 14:00:00,5767.0,5768.0,5763.5,5767.0,67,25,236
2024-09-23 14:05:00,5766.0,5768.5,5765.5,5768.5,15,25,48
2024-09-23 14:10:00,5768.75,5770.5,5767.5,5768.0,37,25,90
2024-09-23 14:15:00,5767.75,5770.75,5766.75,5770.75,26,25,173
2024-09-23 14:20:00,5771.25,5771.5,5767.5,5767.5,38,25,180
2024-09-23 14:25:00,5767.5,5770.25,5767.25,5769.25,9,25,12
2024-09-23 14:30:00,5770.25,5774.0,5770.0,5773.5,31,25,138
2024-09-23 14:35:00,5774.75,5774.75,5768.25,5772.0,34,25,110
2024-09-23 14:40:00,5771.5,5773.5,5770.75,5770.75,22,25,163
2024-09-23 14:45:00,5772.75,5774.0,5772.5,5772.5,11,25,28
2024-09-23 14:50:00,5774.25,5775.5,5774.0,5775.0,37,25,98
2024-09-23 14:55:00,5774.75,5775.75,5774.0,5775.0,27,25,76
2024-09-23 15:00:00,5775.5,5775.75,5772.75,5773.5,34,25,110
2024-09-23 15:05:00,5771.75,5775.0,5770.5,5775.0,20,25,44
2024-09-23 15:10:00,5775.75,5776.5,5773.75,5774.25,28,25,113
2024-09-23 15:15:00,5773.75,5775.25,5773.25,5775.0,37,25,169
2024-09-23 15:20:00,5775.5,5777.25,5775.5,5777.0,21,25,92
2024-09-23 15:25:00,5776.25,5776.25,5773.75,5775.0,30,25,162
2024-09-23 15:30:00,5775.0,5776.5,5775.0,5776.25,6,25,12
2024-09-23 15:35:00,5775.0,5775.75,5774.0,5775.25,9,25,43
2024-09-23 15:40:00,5774.75,5775.5,5774.75,5775.5,4,25,19
2024-09-23 15:45:00,5774.75,5774.75,5773.75,5774.5,8,25,28
2024-09-23 15:50:00,5776.0,5776.0,5774.0,5774.75,6,25,141
2024-09-23 15:55:00,5774.5,5777.5,5774.5,5776.5,19,25,49
2024-09-23 16:00:00,5775.25,5776.75,5775.25,5776.75,4,25,32
2024-09-23 16:05:00,5774.5,5774.75,5774.0,5774.0,4,25,4
2024-09-23 16:10:00,5773.75,5775.25,5773.0,5773.0,26,25,69
2024-09-23 16:15:00,5774.5,5777.25,5774.5,5777.25,16,25,99
2024-09-23 16:20:00,5777.0,5777.25,5776.25,5776.25,6,25,32
2024-09-23 16:25:00,5777.0,5777.75,5776.0,5776.0,8,25,19
2024-09-23 16:30:00,5776.0,5779.75,5776.0,5779.5,42,25,203
2024-09-23 16:35:00,5779.5,5781.25,5778.25,5778.25,48,25,127
2024-09-23 16:40:00,5778.5,5778.75,5773.75,5773.75,20,25,48
2024-09-23 16:45:00,5774.75,5779.75,5773.75,5779.75,24,25,89
2024-09-23 16:50:00,5777.75,5778.5,5777.0,5778.5,21,25,83
2024-09-23 16:55:00,5778.5,5781.5,5777.0,5778.25,134,25,339
2024-09-23 17:00:00,5778.75,5779.25,5778.0,5778.0,11,25,107
2024-09-23 17:05:00,5778.25,5778.5,5776.0,5776.0,24,25,94
2024-09-23 17:10:00,5776.25,5777.5,5776.25,5777.5,9,25,17
2024-09-23 17:15:00,5777.25,5777.25,5777.0,5777.0,30,25,293
2024-09-23 17:20:00,5777.0,5777.0,5775.75,5776.25,26,25,640
2024-09-23 17:25:00,5775.75,5776.25,5775.25,5776.25,8,25,53
2024-09-23 17:30:00,5775.5,5776.25,5775.5,5776.25,6,25,18
2024-09-23 17:35:00,5775.5,5775.5,5775.5,5775.5,1,25,5
2024-09-23 17:40:00,5776.0,5776.5,5775.75,5776.0,19,25,96
2024-09-23 17:45:00,5776.5,5776.5,5775.5,5776.25,12,25,160
2024-09-23 17:50:00,5776.5,5776.75,5774.0,5774.0,22,25,121
2024-09-24 09:00:00,5775.75,5784.75,5775.75,5784.0,43,25,145
2024-09-24 09:05:00,5782.75,5784.5,5782.0,5783.5,24,25,93
2024-09-24 09:10:00,5783.0,5783.75,5780.75,5783.0,41,25,252
2024-09-24 09:15:00,5783.75,5784.5,5782.0,5784.5,36,25,216
2024-09-24 09:20:00,5784.75,5785.75,5783.25,5783.25,29,25,147
2024-09-24 09:25:00,5784.75,5784.75,5782.0,5782.0,44,25,241
2024-09-24 09:30:00,5782.0,5783.25,5779.75,5779.75,67,25,246
2024-09-24 09:35:00,5780.75,5780.75,5778.75,5780.25,45,25,195
2024-09-24 09:40:00,5779.5,5781.25,5779.5,5781.0,10,25,54
2024-09-24 09:45:00,5780.75,5783.75,5780.75,5783.0,18,25,54
2024-09-24 09:50:00,5783.5,5784.25,5783.0,5783.25,39,25,401
2024-09-24 09:55:00,5783.75,5784.75,5783.75,5784.5,8,25,39
2024-09-24 10:00:00,5784.0,5786.25,5784.0,5786.25,43,25,398
2024-09-24 10:05:00,5786.0,5788.0,5785.5,5787.75,46,25,169
2024-09-24 10:10:00,5788.25,5789.25,5787.75,5787.75,36,25,259
2024-09-24 10:15:00,5788.25,5788.75,5787.25,5788.0,18,25,73
2024-09-24 10:20:00,5789.25,5790.25,5788.75,5789.25,22,25,60
2024-09-24 10:25:00,5789.25,5789.75,5786.5,5786.5,30,25,148
2024-09-24 10:30:00,5786.5,5786.5,5780.5,5782.75,76,25,292
2024-09-24 10:35:00,5782.75,5782.75,5780.0,5780.0,40,25,218
2024-09-24 10:40:00,5779.75,5781.25,5778.0,5780.25,29,25,73
2024-09-24 10:45:00,5780.25,5783.0,5777.5,5779.5,83,25,401
2024-09-24 10:50:00,5779.0,5779.5,5775.5,5777.5,58,25,274
2024-09-24 10:55:00,5777.75,5778.0,5774.25,5774.75,24,25,94
2024-09-24 11:00:00,5774.25,5774.25,5759.0,5763.5,258,25,1312
2024-09-24 11:05:00,5763.5,5769.0,5760.25,5768.5,73,25,334
2024-09-24 11:10:00,5768.25,5771.75,5766.0,5766.75,53,25,208
2024-09-24 11:15:00,5766.0,5767.5,5764.5,5765.75,23,25,54
2024-09-24 11:20:00,5766.5,5768.25,5759.0,5765.75,96,25,564
2024-09-24 11:25:00,5767.0,5767.5,5762.25,5763.75,18,25,94
2024-09-24 11:30:00,5764.0,5768.25,5762.5,5762.5,50,25,215
2024-09-24 11:35:00,5762.75,5762.75,5757.5,5758.0,105,25,608
2024-09-24 11:40:00,5758.75,5764.5,5756.5,5763.0,81,25,234
2024-09-24 11:45:00,5763.25,5769.25,5763.0,5766.75,87,25,416
2024-09-24 11:50:00,5769.0,5774.75,5769.0,5772.5,172,25,464
2024-09-24 11:55:00,5773.0,5777.5,5773.0,5776.0,77,25,154
2024-09-24 12:00:00,5776.25,5777.0,5774.5,5775.5,23,25,34
2024-09-24 12:05:00,5775.25,5776.75,5775.0,5775.75,21,25,46
2024-09-24 12:10:00,5777.0,5781.5,5777.0,5778.5,126,25,307
2024-09-24 12:15:00,5778.5,5781.0,5778.0,5779.5,27,25,108
2024-09-24 12:20:00,5780.5,5780.5,5778.75,5778.75,21,25,196
2024-09-24 12:25:00,5780.5,5782.0,5778.75,5780.0,28,25,202
2024-09-24 12:30:00,5780.5,5783.25,5780.5,5782.25,23,25,173
2024-09-24 12:35:00,5782.0,5782.5,5778.75,5781.25,23,25,61
2024-09-24 12:40:00,5782.0,5782.75,5780.5,5782.0,16,25,42
2024-09-24 12:45:00,5782.0,5784.25,5781.25,5782.5,47,25,358
2024-09-24 12:50:00,5784.0,5792.5,5784.0,5791.75,94,25,242
2024-09-24 12:55:00,5791.0,5791.75,5786.25,5787.5,54,25,142
2024-09-24 13:00:00,5787.75,5789.75,5787.75,5788.0,14,25,32
2024-09-24 13:05:00,5789.0,5790.0,5787.25,5787.25,24,25,53
2024-09-24 13:10:00,5787.0,5789.75,5786.0,5789.0,26,25,100
2024-09-24 13:15:00,5789.25,5789.5,5787.75,5788.25,6,25,9
2024-09-24 13:20:00,5788.25,5789.0,5786.75,5787.5,13,25,22
2024-09-24 13:25:00,5787.25,5787.25,5784.25,5786.25,214,25,230
2024-09-24 13:30:00,5785.5,5789.0,5785.25,5789.0,9,25,9
2024-09-24 13:35:00,5789.0,5790.0,5788.75,5790.0,14,25,28
2024-09-24 13:40:00,5790.25,5792.25,5788.75,5791.5,68,25,291
2024-09-24 13:45:00,5792.5,5793.25,5789.75,5789.75,34,25,177
2024-09-24 13:50:00,5789.25,5790.5,5788.25,5788.25,8,25,13
2024-09-24 13:55:00,5789.25,5789.25,5785.75,5786.0,39,25,104
2024-09-24 14:00:00,5785.5,5787.25,5784.75,5787.25,9,25,10
2024-09-24 14:05:00,5786.0,5789.5,5785.75,5787.0,29,25,133
2024-09-24 14:10:00,5786.5,5790.25,5786.5,5790.25,15,25,61
2024-09-24 14:15:00,5790.25,5790.5,5789.75,5789.75,8,25,17
2024-09-24 14:20:00,5789.5,5789.5,5788.25,5789.25,12,25,29
2024-09-24 14:25:00,5788.5,5789.75,5787.25,5787.25,21,25,59
2024-09-24 14:30:00,5788.25,5790.5,5788.25,5790.5,20,25,99
2024-09-24 14:35:00,5790.5,5791.5,5787.5,5788.75,31,25,63
2024-09-24 14:40:00,5787.75,5790.5,5787.25,5789.5,12,25,15
2024-09-24 14:45:00,5789.0,5789.0,5786.75,5786.75,23,25,159
2024-09-24 14:50:00,5786.75,5788.5,5786.0,5788.5,8,25,13
2024-09-24 14:55:00,5786.5,5787.5,5785.75,5785.75,14,25,23
2024-09-24 15:00:00,5785.75,5788.0,5785.0,5786.75,17,25,33
2024-09-24 15:05:00,5786.5,5788.0,5786.5,5788.0,6,25,6
2024-09-24 15:10:00,5786.25,5786.5,5782.75,5785.0,52,25,146
2024-09-24 15:15:00,5785.5,5786.25,5783.25,5786.25,25,25,42
2024-09-24 15:20:00,5785.75,5786.75,5784.75,5784.75,15,25,80
2024-09-24 15:25:00,5784.75,5785.0,5782.25,5782.25,16,25,56
2024-09-24 15:30:00,5782.25,5783.5,5776.0,5783.0,138,25,918
2024-09-24 15:35:00,5783.5,5786.75,5783.25,5786.75,14,25,32
2024-09-24 15:40:00,5787.0,5787.5,5784.75,5784.75,21,25,53
2024-09-24 15:45:00,5785.0,5785.75,5784.25,5785.75,10,25,56
2024-09-24 15:50:00,5784.0,5786.75,5784.0,5786.75,11,25,44
2024-09-24 15:55:00,5787.0,5787.25,5784.0,5786.0,18,25,104
2024-09-24 16:00:00,5785.5,5787.0,5785.0,5786.5,41,25,276
2024-09-24 16:05:00,5787.25,5788.75,5787.0,5787.75,40,25,92
2024-09-24 16:10:00,5787.75,5788.25,5785.75,5787.0,23,25,68
2024-09-24 16:15:00,5787.0,5788.25,5787.0,5787.25,10,25,19
2024-09-24 16:20:00,5787.5,5788.0,5787.25,5788.0,9,25,20
2024-09-24 16:25:00,5788.25,5788.25,5787.25,5788.0,6,25,21
2024-09-24 16:30:00,5788.0,5788.0,5786.25,5786.25,9,25,40
2024-09-24 16:35:00,5785.75,5786.5,5785.5,5786.0,11,25,26
2024-09-24 16:40:00,5786.0,5788.5,5786.0,5786.75,48,25,198
2024-09-24 16:45:00,5787.75,5789.5,5787.25,5788.5,16,25,130
2024-09-24 16:50:00,5788.25,5789.25,5786.25,5786.75,87,25,343
2024-09-24 16:55:00,5787.25,5796.0,5785.25,5794.5,188,25,643
2024-09-24 17:00:00,5794.75,5795.0,5791.5,5791.5,59,25,291
2024-09-24 17:05:00,5792.0,5792.25,5791.0,5791.25,12,25,78
2024-09-24 17:10:00,5791.25,5793.0,5791.25,5792.75,11,25,124
2024-09-24 17:15:00,5792.5,5794.25,5792.5,5792.75,7,25,12
2024-09-24 17:20:00,5793.5,5793.5,5793.5,5793.5,1,25,20
2024-09-24 17:25:00,5794.25,5794.5,5794.25,5794.5,6,25,31
2024-09-24 17:30:00,5795.0,5795.0,5794.5,5794.75,24,25,263
2024-09-24 17:35:00,5795.0,5795.75,5795.0,5795.5,27,25,184
2024-09-24 17:40:00,5795.25,5795.75,5795.25,5795.75,16,25,86
2024-09-24 17:45:00,5795.25,5795.75,5795.0,5795.5,17,25,105
2024-09-24 17:50:00,5795.75,5796.0,5795.0,5795.5,21,25,130
2024-09-25 09:00:00,5788.5,5792.5,5788.5,5791.0,26,25,52
2024-09-25 09:05:00,5791.75,5791.75,5789.75,5790.0,10,25,19
2024-09-25 09:10:00,5789.25,5790.0,5789.0,5790.0,7,25,12
2024-09-25 09:15:00,5790.0,5791.75,5790.0,5791.0,10,25,24
2024-09-25 09:20:00,5792.0,5792.5,5792.0,5792.0,14,25,307
2024-09-25 09:25:00,5792.25,5792.75,5791.0,5791.0,6,25,6
2024-09-25 09:30:00,5792.5,5792.5,5792.5,5792.5,1,25,1
2024-09-25 09:35:00,5791.75,5791.75,5791.75,5791.75,2,25,72
2024-09-25 09:40:00,5792.5,5793.5,5792.5,5793.5,5,25,23
2024-09-25 09:45:00,5791.75,5791.75,5789.5,5790.25,18,25,50
2024-09-25 09:50:00,5791.0,5792.5,5791.0,5792.25,13,25,74
2024-09-25 09:55:00,5792.25,5792.25,5792.25,5792.25,1,25,1
2024-09-25 10:00:00,5792.0,5792.25,5790.5,5790.5,12,25,44
2024-09-25 10:05:00,5790.5,5793.25,5790.5,5793.25,9,25,18
2024-09-25 10:10:00,5793.25,5793.25,5792.0,5792.25,17,25,27
2024-09-25 10:15:00,5792.25,5793.0,5792.0,5793.0,9,25,13
2024-09-25 10:20:00,5792.75,5793.25,5792.0,5792.0,18,25,39
2024-09-25 10:25:00,5793.0,5794.5,5792.5,5793.0,24,25,110
2024-09-25 10:30:00,5792.75,5799.5,5792.75,5799.25,74,25,250
2024-09-25 10:35:00,5796.5,5799.0,5795.0,5796.0,54,25,223
2024-09-25 10:40:00,5796.0,5797.25,5789.25,5794.25,131,25,586
2024-09-25 10:45:00,5795.25,5796.75,5793.0,5793.25,69,25,205
2024-09-25 10:50:00,5792.5,5795.5,5791.0,5795.5,46,25,248
2024-09-25 10:55:00,5793.75,5796.25,5793.25,5796.25,21,25,33
2024-09-25 11:00:00,5797.0,5798.0,5795.25,5796.75,29,25,169
2024-09-25 11:05:00,5798.25,5800.5,5797.5,5797.5,49,25,165
2024-09-25 11:10:00,5798.5,5799.0,5794.75,5797.25,39,25,149
2024-09-25 11:15:00,5797.25,5798.5,5796.5,5797.75,8,25,14
2024-09-25 11:20:00,5796.0,5796.0,5792.0,5795.0,37,25,76
2024-09-25 11:25:00,5794.5,5795.5,5791.0,5791.5,50,25,441
2024-09-25 11:30:00,5790.5,5793.0,5790.0,5793.0,30,25,64
2024-09-25 11:35:00,5793.0,5795.0,5791.5,5793.25,19,25,52
2024-09-25 11:40:00,5794.25,5795.25,5791.5,5792.75,41,25,276
2024-09-25 11:45:00,5793.0,5793.5,5787.75,5789.25,76,25,190
2024-09-25 11:50:00,5787.5,5793.5,5787.25,5793.25,38,25,81
2024-09-25 11:55:00,5793.25,5794.0,5791.75,5793.5,61,25,182
2024-09-25 12:00:00,5793.5,5795.0,5792.0,5794.0,20,25,23
2024-09-25 12:05:00,5793.5,5794.0,5792.25,5794.0,40,25,178
2024-09-25 12:10:00,5793.25,5793.25,5789.5,5790.5,40,25,55
2024-09-25 12:15:00,5790.5,5792.25,5788.25,5791.5,25,25,41
2024-09-25 12:20:00,5792.0,5792.0,5790.75,5792.0,6,25,14
2024-09-25 12:25:00,5790.5,5791.0,5788.5,5788.5,19,25,39
2024-09-25 12:30:00,5788.5,5789.75,5787.75,5788.75,19,25,66
2024-09-25 12:35:00,5790.0,5793.25,5789.25,5791.75,29,25,67
2024-09-25 12:40:00,5792.75,5793.75,5788.25,5788.5,21,25,50
2024-09-25 12:45:00,5789.25,5789.5,5787.25,5789.25,17,25,49
2024-09-25 12:50:00,5787.75,5787.75,5784.75,5786.25,67,25,261
2024-09-25 12:55:00,5787.25,5789.75,5784.75,5789.25,37,25,133
2024-09-25 13:00:00,5787.5,5788.25,5787.0,5787.25,11,25,17
2024-09-25 13:05:00,5787.25,5788.0,5784.25,5788.0,27,25,118
2024-09-25 13:10:00,5788.5,5789.5,5787.25,5787.5,16,25,35
2024-09-25 13:15:00,5787.75,5787.75,5785.25,5786.0,18,25,32
2024-09-25 13:20:00,5786.75,5788.0,5786.0,5787.0,13,25,118
2024-09-25 13:25:00,5788.25,5788.5,5787.5,5787.5,10,25,21
2024-09-25 13:30:00,5786.75,5788.0,5784.25,5788.0,35,25,116
2024-09-25 13:35:00,5785.5,5786.75,5785.25,5786.75,3,25,4
2024-09-25 13:40:00,5785.25,5785.25,5783.0,5784.25,24,25,75
2024-09-25 13:45:00,5784.0,5784.0,5781.25,5782.0,28,25,152
2024-09-25 13:50:00,5783.75,5786.5,5783.75,5785.25,25,25,82
2024-09-25 13:55:00,5784.75,5784.75,5780.75,5780.75,24,25,62
2024-09-25 14:00:00,5780.75,5781.0,5773.0,5779.25,132,25,642
2024-09-25 14:05:00,5779.0,5783.5,5778.25,5778.75,32,25,48
2024-09-25 14:10:00,5779.75,5779.75,5777.0,5778.5,8,25,15
2024-09-25 14:15:00,5777.5,5781.25,5777.5,5780.0,9,25,15
2024-09-25 14:20:00,5779.0,5779.5,5779.0,5779.0,8,25,28
2024-09-25 14:25:00,5780.0,5780.0,5779.5,5779.75,4,25,14
2024-09-25 14:30:00,5777.5,5779.0,5774.75,5775.5,29,25,163
2024-09-25 14:35:00,5774.5,5777.75,5770.75,5776.5,64,25,172
2024-09-25 14:40:00,5775.5,5776.25,5773.0,5775.75,47,25,235
2024-09-25 14:45:00,5774.0,5774.0,5770.75,5772.0,18,25,25
2024-09-25 14:50:00,5775.5,5780.5,5775.5,5780.5,44,25,79
2024-09-25 14:55:00,5781.25,5784.0,5780.5,5784.0,26,25,73
2024-09-25 15:00:00,5784.0,5785.25,5780.25,5782.25,26,25,49
2024-09-25 15:05:00,5781.25,5782.0,5777.25,5778.75,42,25,99
2024-09-25 15:10:00,5778.25,5779.0,5774.75,5776.0,27,25,71
2024-09-25 15:15:00,5774.5,5778.75,5771.5,5778.25,50,25,236
2024-09-25 15:20:00,5776.75,5778.5,5776.75,5778.5,5,25,13
2024-09-25 15:25:00,5779.5,5783.25,5779.5,5783.0,15,25,35
2024-09-25 15:30:00,5782.5,5782.5,5779.5,5780.75,13,25,25
2024-09-25 15:35:00,5783.5,5784.0,5781.5,5781.75,21,25,58
2024-09-25 15:40:00,5781.0,5782.0,5781.0,5782.0,7,25,15
2024-09-25 15:45:00,5782.75,5783.0,5781.75,5783.0,13,25,16
2024-09-25 15:50:00,5783.5,5783.5,5781.0,5782.25,8,25,8
2024-09-25 15:55:00,5782.0,5782.0,5778.75,5782.0,27,25,82
2024-09-25 16:00:00,5780.5,5784.0,5780.5,5783.5,28,25,140
2024-09-25 16:05:00,5783.5,5783.5,5781.0,5781.0,24,25,69
2024-09-25 16:10:00,5782.75,5782.75,5780.0,5780.5,16,25,76
2024-09-25 16:15:00,5780.0,5780.5,5778.75,5779.0,15,25,28
2024-09-25 16:20:00,5778.75,5780.25,5778.25,5780.25,25,25,174
2024-09-25 16:25:00,5779.75,5779.75,5779.0,5779.75,6,25,22
2024-09-25 16:30:00,5778.0,5778.5,5777.25,5778.5,13,25,36
2024-09-25 16:35:00,5778.25,5779.0,5775.0,5776.0,17,25,37
2024-09-25 16:40:00,5776.25,5776.25,5775.25,5776.0,4,25,18
2024-09-25 16:45:00,5777.75,5779.25,5776.5,5778.25,20,25,51
2024-09-25 16:50:00,5779.0,5780.25,5777.5,5779.75,15,25,53
2024-09-25 16:55:00,5780.0,5783.0,5777.75,5781.5,87,25,189
2024-09-25 17:00:00,5782.0,5785.75,5780.75,5784.0,81,25,339
2024-09-25 17:05:00,5785.0,5785.25,5784.25,5784.25,10,25,19
2024-09-25 17:10:00,5784.5,5786.25,5783.75,5786.25,19,25,61
2024-09-25 17:15:00,5786.25,5786.25,5784.5,5784.75,13,25,42
2024-09-25 17:20:00,5784.25,5784.25,5783.0,5783.0,14,25,25
2024-09-25 17:25:00,5784.0,5784.25,5783.75,5784.0,24,25,292
2024-09-25 17:30:00,5784.5,5784.5,5784.5,5784.5,6,25,21
2024-09-25 17:40:00,5785.0,5785.25,5784.5,5784.75,17,25,204
2024-09-25 17:45:00,5784.5,5785.5,5784.25,5785.0,10,25,102
2024-09-25 17:50:00,5785.25,5787.0,5784.75,5787.0,13,25,146
2024-09-26 09:00:00,5823.25,5824.25,5821.0,5822.75,177,25,302
2024-09-26 09:05:00,5822.0,5822.75,5820.5,5821.25,31,25,50
2024-09-26 09:10:00,5821.0,5823.5,5821.0,5823.5,28,25,55
2024-09-26 09:15:00,5823.75,5826.0,5823.25,5824.5,53,25,191
2024-09-26 09:20:00,5824.0,5827.5,5824.0,5827.0,24,25,94
2024-09-26 09:25:00,5827.0,5829.0,5826.25,5826.75,41,25,219
2024-09-26 09:30:00,5828.0,5829.0,5823.0,5826.0,72,25,250
2024-09-26 09:35:00,5827.75,5829.25,5825.0,5825.5,22,25,58
2024-09-26 09:40:00,5825.0,5827.75,5824.25,5827.75,18,25,63
2024-09-26 09:45:00,5826.25,5827.0,5825.75,5826.0,10,25,33
2024-09-26 09:50:00,5826.0,5829.0,5826.0,5828.25,19,25,42
2024-09-26 09:55:00,5828.75,5828.75,5826.75,5827.0,16,25,22
2024-09-26 10:00:00,5827.25,5828.5,5826.75,5828.5,14,25,18
2024-09-26 10:05:00,5829.0,5831.25,5829.0,5831.0,30,25,78
2024-09-26 10:10:00,5830.5,5831.25,5829.75,5829.75,21,25,57
2024-09-26 10:15:00,5830.0,5830.5,5829.0,5830.5,15,25,40
2024-09-26 10:20:00,5829.75,5829.75,5828.0,5828.5,32,25,127
2024-09-26 10:25:00,5828.0,5828.25,5825.75,5825.75,51,25,315
2024-09-26 10:30:00,5825.5,5828.0,5816.75,5816.75,130,25,436
2024-09-26 10:35:00,5819.0,5822.25,5814.75,5817.5,61,25,306
2024-09-26 10:40:00,5817.0,5817.5,5814.5,5817.5,47,25,176
2024-09-26 10:45:00,5817.5,5819.25,5815.0,5816.0,57,25,279
2024-09-26 10:50:00,5816.75,5818.25,5815.0,5816.75,20,25,31
2024-09-26 10:55:00,5815.25,5817.5,5813.0,5817.5,31,25,85
2024-09-26 11:00:00,5817.5,5822.5,5813.5,5813.5,68,25,324
2024-09-26 11:05:00,5813.75,5813.75,5809.5,5811.75,64,25,157
2024-09-26 11:10:00,5811.0,5814.75,5811.0,5813.75,23,25,65
2024-09-26 11:15:00,5813.75,5814.25,5811.75,5811.75,22,25,100
2024-09-26 11:20:00,5812.5,5812.5,5807.0,5808.75,37,25,96
2024-09-26 11:25:00,5808.25,5810.0,5805.5,5806.75,50,25,154
2024-09-26 11:30:00,5808.25,5808.25,5805.0,5807.0,34,25,81
2024-09-26 11:35:00,5809.5,5815.0,5807.75,5814.5,55,25,153
2024-09-26 11:40:00,5814.5,5814.5,5808.0,5809.0,50,25,116
2024-09-26 11:45:00,5811.0,5813.25,5804.75,5807.0,75,25,306
2024-09-26 11:50:00,5806.5,5807.25,5799.75,5801.0,101,25,406
2024-09-26 11:55:00,5802.0,5802.25,5792.25,5794.25,96,25,278
2024-09-26 12:00:00,5794.0,5798.5,5790.25,5798.5,74,25,454
2024-09-26 12:05:00,5798.25,5803.0,5798.0,5800.25,52,25,131
2024-09-26 12:10:00,5799.0,5799.5,5793.5,5795.0,70,25,561
2024-09-26 12:15:00,5796.0,5797.0,5793.5,5794.25,20,25,56
2024-09-26 12:20:00,5794.75,5794.75,5793.75,5794.25,10,25,31
2024-09-26 12:25:00,5792.75,5795.25,5791.25,5795.25,44,25,183
2024-09-26 12:30:00,5792.25,5795.25,5791.0,5793.0,25,25,260
2024-09-26 12:35:00,5793.0,5795.75,5792.75,5795.75,12,25,35
2024-09-26 12:40:00,5797.5,5798.0,5796.5,5797.25,16,25,60
2024-09-26 12:45:00,5799.0,5801.0,5797.5,5797.5,30,25,86
2024-09-26 12:50:00,5798.75,5802.5,5798.0,5802.5,29,25,152
2024-09-26 12:55:00,5803.0,5806.75,5802.5,5804.75,82,25,347
2024-09-26 13:00:00,5805.0,5805.0,5796.5,5798.0,52,25,162
2024-09-26 13:05:00,5796.25,5800.75,5796.25,5800.25,10,25,30
2024-09-26 13:10:00,5799.5,5799.5,5795.25,5796.25,17,25,33
2024-09-26 13:15:00,5797.25,5797.75,5795.75,5795.75,7,25,7
2024-09-26 13:20:00,5795.75,5795.75,5793.0,5795.25,19,25,30
2024-09-26 13:25:00,5794.5,5797.75,5793.25,5793.25,18,25,96
2024-09-26 13:30:00,5793.25,5794.0,5791.25,5791.25,28,25,55
2024-09-26 13:35:00,5792.5,5794.0,5792.25,5794.0,6,25,30
2024-09-26 13:40:00,5792.75,5793.25,5789.5,5793.0,37,25,261
2024-09-26 13:45:00,5793.5,5794.5,5793.5,5794.0,4,25,11
2024-09-26 13:50:00,5791.5,5793.0,5791.5,5791.5,11,25,30
2024-09-26 13:55:00,5791.5,5791.75,5790.0,5791.5,31,25,117
2024-09-26 14:00:00,5792.0,5795.25,5791.75,5795.25,30,25,84
2024-09-26 14:05:00,5794.75,5795.0,5790.5,5790.5,23,25,104
2024-09-26 14:10:00,5792.0,5792.75,5789.0,5790.5,13,25,51
2024-09-26 14:15:00,5789.0,5789.75,5780.0,5783.0,113,25,290
2024-09-26 14:20:00,5782.25,5787.0,5782.25,5785.75,45,25,217
2024-09-26 14:25:00,5785.0,5790.5,5785.0,5790.5,31,25,110
2024-09-26 14:30:00,5791.75,5796.25,5791.75,5794.0,60,25,299
2024-09-26 14:35:00,5794.0,5795.0,5793.5,5794.25,21,25,143
2024-09-26 14:40:00,5795.0,5797.25,5794.75,5796.25,41,25,292
2024-09-26 14:45:00,5797.0,5797.75,5796.0,5797.0,24,25,115
2024-09-26 14:50:00,5797.0,5797.5,5795.5,5797.5,15,25,64
2024-09-26 14:55:00,5797.5,5798.5,5796.5,5797.0,17,25,41
2024-09-26 15:00:00,5797.25,5799.0,5797.25,5798.0,17,25,178
2024-09-26 15:05:00,5798.25,5799.0,5797.75,5799.0,12,25,36
2024-09-26 15:10:00,5798.75,5804.0,5798.25,5803.5,69,25,268
2024-09-26 15:15:00,5804.25,5808.25,5804.0,5804.5,94,25,472
2024-09-26 15:20:00,5804.0,5806.25,5804.0,5806.0,18,25,86
2024-09-26 15:25:00,5804.5,5805.5,5804.5,5805.25,18,25,124
2024-09-26 15:30:00,5804.75,5804.75,5802.0,5802.5,27,25,87
2024-09-26 15:35:00,5802.75,5803.75,5800.5,5803.25,24,25,66
2024-09-26 15:40:00,5802.75,5804.5,5801.5,5801.5,15,25,64
2024-09-26 15:45:00,5801.5,5802.0,5801.0,5801.0,12,25,38
2024-09-26 15:50:00,5801.0,5804.0,5801.0,5804.0,18,25,30
2024-09-26 15:55:00,5803.5,5805.25,5803.25,5803.25,37,25,113
2024-09-26 16:00:00,5802.5,5803.5,5801.5,5802.75,19,25,50
2024-09-26 16:05:00,5803.0,5803.0,5802.25,5802.75,7,25,9
2024-09-26 16:10:00,5803.0,5806.0,5802.0,5804.5,24,25,46
2024-09-26 16:15:00,5803.75,5804.5,5803.5,5804.5,6,25,36
2024-09-26 16:20:00,5804.75,5805.25,5803.5,5803.5,20,25,100
2024-09-26 16:25:00,5804.5,5804.5,5800.75,5802.25,45,25,164
2024-09-26 16:30:00,5802.75,5802.75,5799.75,5801.5,20,25,67
2024-09-26 16:35:00,5800.5,5801.5,5800.5,5801.25,12,25,25
2024-09-26 16:40:00,5802.25,5802.25,5801.5,5802.0,8,25,40
2024-09-26 16:45:00,5802.5,5804.25,5802.5,5803.5,11,25,26
2024-09-26 16:50:00,5804.25,5804.25,5801.0,5804.0,17,25,39
2024-09-26 16:55:00,5804.25,5810.0,5802.0,5804.75,177,25,763
2024-09-26 17:00:00,5806.0,5807.25,5804.0,5804.75,32,25,118
2024-09-26 17:05:00,5805.5,5808.25,5805.0,5807.75,30,25,54
2024-09-26 17:10:00,5807.75,5807.75,5805.75,5805.75,16,25,35
2024-09-26 17:15:00,5806.0,5807.25,5805.75,5806.0,11,25,32
2024-09-26 17:20:00,5805.75,5806.25,5805.75,5806.0,11,25,89
2024-09-26 17:25:00,5805.75,5805.75,5805.75,5805.75,1,25,2
2024-09-26 17:30:00,5806.25,5806.75,5806.0,5806.75,4,25,11
2024-09-26 17:35:00,5806.5,5806.75,5806.5,5806.75,2,25,391
2024-09-26 17:40:00,5806.5,5806.5,5806.0,5806.25,5,25,16
2024-09-26 17:45:00,5806.0,5806.5,5805.75,5806.25,11,25,35
2024-09-26 17:50:00,5805.5,5807.0,5805.5,5806.75,18,25,118
2024-09-27 09:00:00,5805.75,5808.5,5802.5,5807.75,27,25,42
2024-09-27 09:05:00,5808.25,5809.5,5808.25,5809.0,19,25,102
2024-09-27 09:10:00,5809.0,5809.0,5808.25,5809.0,18,25,213
2024-09-27 09:15:00,5809.0,5809.5,5808.75,5809.0,9,25,35
2024-09-27 09:20:00,5809.0,5809.5,5808.25,5808.25,10,25,112
2024-09-27 09:25:00,5810.0,5810.0,5809.25,5809.5,11,25,21
2024-09-27 09:30:00,5810.0,5815.0,5808.75,5812.0,186,25,686
2024-09-27 09:35:00,5812.5,5817.25,5812.5,5817.25,37,25,131
2024-09-27 09:40:00,5817.5,5817.75,5815.25,5816.5,50,25,231
2024-09-27 09:45:00,5817.25,5819.25,5817.25,5818.75,28,25,76
2024-09-27 09:50:00,5817.5,5817.5,5812.0,5812.0,54,25,185
2024-09-27 09:55:00,5813.5,5815.75,5812.5,5815.5,18,25,41
2024-09-27 10:00:00,5814.5,5815.5,5814.5,5814.75,5,25,11
2024-09-27 10:05:00,5816.0,5816.0,5816.0,5816.0,10,25,112
2024-09-27 10:10:00,5816.25,5817.0,5815.25,5816.25,14,25,32
2024-09-27 10:15:00,5816.25,5816.25,5815.0,5815.0,2,25,2
2024-09-27 10:20:00,5813.0,5815.25,5813.0,5814.0,7,25,11
2024-09-27 10:25:00,5813.0,5814.5,5812.0,5814.5,19,25,90
2024-09-27 10:30:00,5814.25,5816.0,5811.5,5816.0,49,25,443
2024-09-27 10:35:00,5813.5,5814.75,5810.25,5810.25,110,25,599
2024-09-27 10:40:00,5810.25,5812.5,5808.75,5810.5,70,25,317
2024-09-27 10:45:00,5810.0,5812.0,5809.5,5811.25,26,25,88
2024-09-27 10:50:00,5809.0,5810.5,5807.75,5810.0,23,25,110
2024-09-27 10:55:00,5810.0,5811.5,5809.0,5811.25,21,25,93
2024-09-27 11:00:00,5811.25,5818.0,5808.25,5813.25,133,25,860
2024-09-27 11:05:00,5813.25,5815.25,5811.25,5813.5,88,25,543
2024-09-27 11:10:00,5812.75,5815.0,5808.75,5814.75,51,25,263
2024-09-27 11:15:00,5814.25,5815.0,5813.0,5813.25,52,25,335
2024-09-27 11:20:00,5813.5,5818.75,5813.5,5818.0,41,25,236
2024-09-27 11:25:00,5819.0,5822.75,5819.0,5819.5,123,25,556
2024-09-27 11:30:00,5819.75,5820.0,5814.5,5814.5,59,25,251
2024-09-27 11:35:00,5814.5,5820.0,5814.5,5819.75,40,25,187
2024-09-27 11:40:00,5819.25,5819.75,5816.0,5817.25,43,25,98
2024-09-27 11:45:00,5817.25,5820.0,5815.75,5816.75,19,25,35
2024-09-27 11:50:00,5816.75,5819.25,5816.75,5819.0,32,25,866
2024-09-27 11:55:00,5818.75,5820.25,5818.25,5818.25,21,25,59
2024-09-27 12:00:00,5818.0,5818.25,5816.5,5816.5,23,25,88
2024-09-27 12:05:00,5818.25,5818.25,5814.5,5815.25,33,25,96
2024-09-27 12:10:00,5815.75,5816.5,5812.75,5815.5,27,25,52
2024-09-27 12:15:00,5813.5,5813.5,5810.25,5810.25,56,25,380
2024-09-27 12:20:00,5811.75,5813.75,5810.5,5811.5,15,25,30
2024-09-27 12:25:00,5812.0,5815.0,5810.75,5813.0,20,25,55
2024-09-27 12:30:00,5811.0,5811.0,5808.75,5810.25,32,25,90
2024-09-27 12:35:00,5810.5,5810.75,5808.75,5810.5,13,25,45
2024-09-27 12:40:00,5809.25,5811.0,5808.0,5811.0,22,25,41
2024-09-27 12:45:00,5812.75,5812.75,5808.5,5808.5,20,25,56
2024-09-27 12:50:00,5808.25,5808.25,5804.75,5805.5,50,25,145
2024-09-27 12:55:00,5807.75,5807.75,5804.25,5804.25,34,25,294
2024-09-27 13:00:00,5804.5,5805.0,5803.0,5804.5,18,25,33
2024-09-27 13:05:00,5804.25,5804.25,5801.25,5801.75,26,25,83
2024-09-27 13:10:00,5801.0,5801.5,5798.5,5799.0,49,25,184
2024-09-27 13:15:00,5801.5,5804.5,5800.5,5800.5,16,25,53
2024-09-27 13:20:00,5800.5,5800.5,5799.75,5799.75,12,25,16
2024-09-27 13:25:00,5799.25,5804.0,5799.0,5803.5,27,25,76
2024-09-27 13:30:00,5802.0,5802.75,5800.5,5801.5,13,25,15
2024-09-27 13:35:00,5803.5,5805.0,5802.25,5803.75,20,25,39
2024-09-27 13:40:00,5802.0,5802.5,5802.0,5802.5,7,25,14
2024-09-27 13:45:00,5801.5,5802.0,5800.0,5800.0,15,25,28
2024-09-27 13:50:00,5800.5,5801.0,5800.0,5800.5,6,25,7
2024-09-27 13:55:00,5802.0,5802.25,5801.0,5801.5,7,25,11
2024-09-27 14:00:00,5803.0,5806.75,5803.0,5805.5,32,25,139
2024-09-27 14:05:00,5805.25,5805.25,5798.0,5799.25,87,25,767
2024-09-27 14:10:00,5798.75,5799.0,5798.75,5799.0,3,25,13
2024-09-27 14:15:00,5799.0,5799.25,5797.75,5797.75,15,25,27
2024-09-27 14:20:00,5798.5,5799.5,5797.75,5799.5,11,25,12
2024-09-27 14:25:00,5799.25,5799.25,5798.0,5798.0,8,25,63
2024-09-27 14:30:00,5797.75,5798.75,5796.5,5798.25,17,25,38
2024-09-27 14:35:00,5798.25,5798.25,5795.5,5795.5,24,25,88
2024-09-27 14:40:00,5795.5,5799.5,5795.5,5799.5,22,25,80
2024-09-27 14:45:00,5800.0,5801.25,5799.5,5801.0,10,25,38
2024-09-27 14:50:00,5800.0,5803.75,5800.0,5802.5,10,25,18
2024-09-27 14:55:00,5802.5,5804.75,5801.5,5804.0,24,25,95
2024-09-27 15:00:00,5805.0,5806.0,5801.5,5802.5,21,25,90
2024-09-27 15:05:00,5801.5,5801.5,5799.5,5801.0,26,25,42
2024-09-27 15:10:00,5800.75,5801.5,5800.25,5800.75,7,25,13
2024-09-27 15:15:00,5800.5,5800.5,5798.5,5798.5,16,25,33
2024-09-27 15:20:00,5799.75,5800.75,5799.25,5799.25,6,25,11
2024-09-27 15:25:00,5799.0,5799.0,5792.25,5792.25,72,25,273
2024-09-27 15:30:00,5792.5,5793.25,5784.5,5790.5,109,25,273
2024-09-27 15:35:00,5790.0,5790.0,5786.75,5789.5,33,25,73
2024-09-27 15:40:00,5789.0,5793.75,5788.25,5792.75,25,25,99
2024-09-27 15:45:00,5795.0,5798.5,5795.0,5798.0,43,25,141
2024-09-27 15:50:00,5798.0,5800.0,5796.5,5797.25,23,25,85
2024-09-27 15:55:00,5799.5,5804.75,5799.0,5802.5,38,25,71
2024-09-27 16:00:00,5801.75,5802.5,5800.0,5801.5,18,25,100
2024-09-27 16:05:00,5802.25,5804.0,5800.5,5800.75,22,25,75
2024-09-27 16:10:00,5801.0,5801.5,5799.25,5801.25,22,25,54
2024-09-27 16:15:00,5800.25,5804.0,5800.25,5802.0,19,25,63
2024-09-27 16:20:00,5801.5,5801.75,5798.5,5799.5,25,25,103
2024-09-27 16:25:00,5799.0,5799.5,5797.0,5799.5,14,25,120
2024-09-27 16:30:00,5800.25,5801.0,5799.25,5801.0,16,25,65
2024-09-27 16:35:00,5799.75,5800.0,5799.0,5799.25,12,25,33
2024-09-27 16:40:00,5798.25,5798.25,5796.25,5796.75,14,25,117
2024-09-27 16:45:00,5796.75,5796.75,5795.0,5795.0,14,25,96
2024-09-27 16:50:00,5794.75,5800.25,5794.5,5798.0,51,25,193
2024-09-27 16:55:00,5797.75,5799.75,5792.75,5794.5,162,25,605
2024-09-27 17:00:00,5794.0,5794.0,5790.5,5792.0,51,25,360
2024-09-27 17:05:00,5792.25,5792.75,5791.25,5791.75,5,25,15
2024-09-27 17:10:00,5791.75,5791.75,5791.75,5791.75,1,25,1
2024-09-27 17:15:00,5791.75,5791.75,5790.75,5791.0,10,25,26
2024-09-27 17:20:00,5790.25,5790.5,5790.0,5790.5,11,25,32
2024-09-27 17:25:00,5791.0,5792.5,5782.0,5782.0,57,25,16
2024-09-30 09:00:00,5779.75,5780.0,5777.5,5780.0,59,25,417
2024-09-30 09:05:00,5780.0,5782.25,5780.0,5782.25,19,25,33
2024-09-30 09:10:00,5781.75,5781.75,5779.5,5779.5,11,25,303
2024-09-30 09:15:00,5779.75,5780.25,5779.75,5780.25,3,25,4
2024-09-30 09:20:00,5780.25,5780.25,5779.5,5780.25,5,25,16
2024-09-30 09:25:00,5780.5,5780.75,5780.25,5780.75,11,25,129
2024-09-30 09:30:00,5781.25,5781.25,5780.0,5780.0,12,25,115
2024-09-30 09:35:00,5780.25,5780.25,5779.25,5780.25,6,25,65
2024-09-30 09:40:00,5778.75,5780.25,5778.75,5779.75,8,25,185
2024-09-30 09:45:00,5778.75,5780.75,5778.75,5780.75,3,25,3
2024-09-30 09:50:00,5780.75,5782.5,5780.75,5782.0,15,25,25
2024-09-30 09:55:00,5781.0,5781.5,5780.75,5781.0,5,25,14
2024-09-30 10:00:00,5780.25,5782.0,5780.0,5782.0,7,25,23
2024-09-30 10:05:00,5782.25,5783.25,5782.25,5782.5,11,25,57
2024-09-30 10:10:00,5783.0,5785.25,5783.0,5784.25,29,25,58
2024-09-30 10:15:00,5784.75,5784.75,5782.5,5782.5,17,25,47
2024-09-30 10:20:00,5782.25,5782.25,5781.5,5781.5,16,25,37
2024-09-30 10:25:00,5781.5,5783.25,5781.25,5781.5,18,25,79
2024-09-30 10:30:00,5783.25,5790.75,5783.25,5789.0,47,25,103
2024-09-30 10:35:00,5789.0,5793.5,5789.0,5790.0,39,25,44
2024-09-30 10:40:00,5789.25,5790.0,5786.75,5787.75,51,25,119
2024-09-30 10:45:00,5789.5,5790.75,5789.0,5790.75,17,25,89
2024-09-30 10:50:00,5790.0,5790.5,5787.5,5787.5,27,25,46
2024-09-30 10:55:00,5788.0,5789.0,5785.5,5785.5,23,25,169
2024-09-30 11:00:00,5784.5,5788.75,5782.75,5785.5,33,25,179
2024-09-30 11:05:00,5785.0,5789.0,5785.0,5787.0,26,25,164
2024-09-30 11:10:00,5787.0,5787.25,5785.0,5785.0,12,25,16
2024-09-30 11:15:00,5786.0,5786.25,5783.5,5783.5,26,25,139
2024-09-30 11:20:00,5784.75,5785.5,5782.25,5782.25,11,25,21
2024-09-30 11:25:00,5782.75,5787.0,5781.0,5787.0,33,25,90
2024-09-30 11:30:00,5788.5,5792.75,5786.75,5792.0,50,25,298
2024-09-30 11:35:00,5791.75,5793.75,5788.0,5791.5,39,25,235
2024-09-30 11:40:00,5792.25,5793.0,5790.25,5791.25,15,25,106
2024-09-30 11:45:00,5793.0,5794.75,5791.0,5794.0,34,25,220
2024-09-30 11:50:00,5793.0,5793.0,5790.75,5792.0,10,25,63
2024-09-30 11:55:00,5791.5,5792.25,5791.0,5791.0,11,25,28
2024-09-30 12:00:00,5792.5,5795.75,5792.0,5795.25,15,25,69
2024-09-30 12:05:00,5794.75,5794.75,5790.0,5790.0,27,25,69
2024-09-30 12:10:00,5790.0,5795.0,5790.0,5794.25,24,25,73
2024-09-30 12:15:00,5794.75,5796.0,5793.5,5793.5,12,25,76
2024-09-30 12:20:00,5794.25,5795.5,5794.0,5794.0,10,25,113
2024-09-30 12:25:00,5793.5,5794.75,5793.0,5794.5,22,25,48
2024-09-30 12:30:00,5795.5,5796.75,5792.0,5792.0,11,25,32
2024-09-30 12:35:00,5791.0,5791.5,5790.0,5790.0,16,25,66
2024-09-30 12:40:00,5789.0,5791.0,5786.25,5791.0,22,25,41
2024-09-30 12:45:00,5790.75,5794.0,5790.75,5793.5,16,25,170
2024-09-30 12:50:00,5793.5,5794.0,5793.5,5793.5,9,25,26
2024-09-30 12:55:00,5793.25,5793.25,5793.25,5793.25,1,25,1
2024-09-30 13:00:00,5795.75,5796.25,5795.0,5796.25,13,25,143
2024-09-30 13:05:00,5797.0,5800.5,5797.0,5797.5,37,25,128
2024-09-30 13:10:00,5799.5,5800.0,5795.5,5799.0,24,25,131
2024-09-30 13:15:00,5799.5,5800.25,5799.25,5799.25,8,25,20
2024-09-30 13:20:00,5798.0,5800.0,5798.0,5798.75,7,25,66
2024-09-30 13:25:00,5798.0,5798.5,5797.5,5798.0,13,25,51
2024-09-30 13:30:00,5797.5,5798.0,5795.75,5795.75,24,25,48
2024-09-30 13:35:00,5797.5,5798.75,5796.25,5797.0,7,25,25
2024-09-30 13:40:00,5796.0,5796.0,5794.25,5794.75,8,25,12
2024-09-30 13:45:00,5795.5,5795.5,5794.5,5794.5,6,25,82
2024-09-30 13:50:00,5797.0,5797.0,5794.5,5794.75,18,25,225
2024-09-30 13:55:00,5795.0,5795.75,5794.75,5794.75,8,25,85
2024-09-30 14:00:00,5793.75,5793.75,5792.25,5792.75,12,25,110
2024-09-30 14:05:00,5793.25,5794.0,5792.0,5792.25,26,25,282
2024-09-30 14:10:00,5791.75,5793.0,5787.75,5789.25,52,25,168
2024-09-30 14:15:00,5789.25,5792.25,5788.0,5792.25,24,25,63
2024-09-30 14:20:00,5791.5,5794.0,5791.5,5794.0,7,25,39
2024-09-30 14:25:00,5793.25,5793.5,5789.25,5789.25,15,25,96
2024-09-30 14:30:00,5789.0,5790.75,5789.0,5790.0,11,25,32
2024-09-30 14:35:00,5790.25,5791.25,5789.75,5791.25,4,25,5
2024-09-30 14:40:00,5791.0,5791.25,5791.0,5791.25,2,25,9
2024-09-30 14:45:00,5791.0,5792.25,5790.0,5792.25,7,25,24
2024-09-30 14:50:00,5791.5,5792.5,5791.5,5792.5,3,25,10
2024-09-30 14:55:00,5792.0,5795.75,5789.0,5795.0,86,25,375
2024-09-30 15:00:00,5794.0,5794.0,5792.0,5792.75,11,25,97
2024-09-30 15:05:00,5792.75,5792.75,5787.75,5791.0,24,25,60
2024-09-30 15:10:00,5790.75,5790.75,5782.75,5783.25,89,25,710
2024-09-30 15:15:00,5782.25,5782.25,5772.25,5772.25,193,25,1098
2024-09-30 15:20:00,5772.0,5773.0,5758.25,5762.5,212,25,993
2024-09-30 15:25:00,5763.25,5771.0,5760.0,5769.0,148,25,524
2024-09-30 15:30:00,5768.25,5777.5,5765.0,5776.25,90,25,287
2024-09-30 15:35:00,5776.25,5784.0,5776.25,5782.75,81,25,298
2024-09-30 15:40:00,5783.0,5787.0,5781.75,5783.75,74,25,342
2024-09-30 15:45:00,5785.25,5789.25,5785.25,5785.25,82,25,419
2024-09-30 15:50:00,5787.0,5790.25,5783.75,5790.25,37,25,151
2024-09-30 15:55:00,5789.0,5789.0,5784.0,5784.0,42,25,260
2024-09-30 16:00:00,5783.75,5784.0,5778.0,5782.0,94,25,561
2024-09-30 16:05:00,5783.0,5785.5,5782.25,5783.25,31,25,126
2024-09-30 16:10:00,5783.0,5783.75,5779.5,5782.75,34,25,116
2024-09-30 16:15:00,5781.5,5788.0,5781.5,5787.75,33,25,116
2024-09-30 16:20:00,5787.25,5788.75,5785.0,5786.25,23,25,82
2024-09-30 16:25:00,5787.0,5787.25,5785.0,5787.0,37,25,415
2024-09-30 16:30:00,5787.75,5791.0,5787.0,5787.5,36,25,173
2024-09-30 16:35:00,5787.5,5795.0,5787.5,5794.25,56,25,207
2024-09-30 16:40:00,5793.75,5798.5,5792.25,5798.0,90,25,312
2024-09-30 16:45:00,5798.5,5806.5,5798.5,5802.25,147,25,338
2024-09-30 16:50:00,5802.0,5814.5,5802.0,5811.5,167,25,765
2024-09-30 16:55:00,5813.0,5822.0,5812.5,5818.5,261,25,994
2024-09-30 17:00:00,5818.5,5818.5,5809.75,5811.75,109,25,429
2024-09-30 17:05:00,5811.5,5812.25,5809.75,5809.75,34,25,110
2024-09-30 17:10:00,5810.75,5812.0,5810.25,5810.25,11,25,23
2024-09-30 17:15:00,5810.25,5811.5,5810.25,5811.5,9,25,21
2024-09-30 17:20:00,5812.0,5814.0,5812.0,5814.0,14,25,42
2024-09-30 17:25:00,5813.75,5816.5,5813.75,5815.0,13,25,26
2024-09-30 17:30:00,5815.0,5815.0,5814.0,5814.0,14,25,200
2024-09-30 17:35:00,5813.5,5814.5,5813.0,5814.0,5,25,17
2024-09-30 17:40:00,5813.75,5813.75,5812.75,5813.0,32,25,353
2024-09-30 17:45:00,5812.5,5812.5,5811.5,5811.75,20,25,430
2024-09-30 17:50:00,5811.75,5811.75,5809.0,5809.0,36,25,135
2024-10-01 09:00:00,5809.0,5815.0,5809.0,5814.0,133,25,228
2024-10-01 09:05:00,5813.25,5813.75,5812.0,5813.25,10,25,15
2024-10-01 09:10:00,5813.0,5813.0,5812.25,5812.25,2,25,2
2024-10-01 09:15:00,5812.0,5812.0,5810.75,5812.0,15,25,35
2024-10-01 09:20:00,5812.0,5813.0,5811.75,5813.0,4,25,4
2024-10-01 09:25:00,5814.0,5814.0,5811.25,5811.25,7,25,14
2024-10-01 09:30:00,5811.0,5811.5,5808.75,5808.75,26,25,152
2024-10-01 09:35:00,5809.75,5810.75,5809.0,5809.0,15,25,68
2024-10-01 09:40:00,5809.5,5811.75,5809.5,5810.0,11,25,103
2024-10-01 09:45:00,5810.25,5811.0,5810.25,5810.5,7,25,11
2024-10-01 09:50:00,5811.25,5811.25,5811.0,5811.0,10,25,151
2024-10-01 09:55:00,5811.75,5811.75,5811.75,5811.75,4,25,4
2024-10-01 10:05:00,5812.0,5813.25,5811.75,5813.25,19,25,77
2024-10-01 10:10:00,5813.0,5813.5,5811.75,5811.75,10,25,433
2024-10-01 10:15:00,5811.75,5811.75,5808.75,5808.75,14,25,144
2024-10-01 10:20:00,5808.5,5809.25,5807.0,5809.0,11,25,12
2024-10-01 10:25:00,5809.5,5810.0,5809.5,5809.75,4,25,12
2024-10-01 10:30:00,5810.25,5811.0,5784.0,5786.5,219,25,1153
2024-10-01 10:35:00,5784.25,5787.75,5773.25,5780.5,163,25,443
2024-10-01 10:40:00,5778.75,5781.75,5772.75,5778.25,99,25,584
2024-10-01 10:45:00,5776.5,5776.5,5765.0,5768.0,193,25,885
2024-10-01 10:50:00,5767.0,5769.0,5761.5,5766.0,105,25,281
2024-10-01 10:55:00,5765.0,5771.5,5760.25,5770.25,137,25,762
2024-10-01 11:00:00,5770.0,5777.0,5763.25,5771.25,240,25,1256
2024-10-01 11:05:00,5768.5,5770.5,5754.0,5754.0,173,25,616
2024-10-01 11:10:00,5754.25,5757.5,5745.0,5751.75,207,25,636
2024-10-01 11:15:00,5750.0,5750.0,5745.5,5747.25,52,25,102
2024-10-01 11:20:00,5750.25,5763.5,5750.25,5756.25,189,25,980
2024-10-01 11:25:00,5757.5,5757.5,5743.0,5750.5,134,25,602
2024-10-01 11:30:00,5750.25,5753.25,5741.5,5750.25,133,25,467
2024-10-01 11:35:00,5747.25,5759.0,5746.25,5756.75,93,25,307
2024-10-01 11:40:00,5756.0,5762.75,5755.25,5759.25,70,25,325
2024-10-01 11:45:00,5757.75,5760.75,5752.5,5752.75,62,25,161
2024-10-01 11:50:00,5754.0,5754.5,5749.5,5749.5,52,25,278
2024-10-01 11:55:00,5752.0,5756.0,5752.0,5755.25,17,25,71
2024-10-01 12:00:00,5755.25,5755.25,5750.5,5752.5,11,25,41
2024-10-01 12:05:00,5750.0,5750.0,5737.5,5738.0,116,25,326
2024-10-01 12:10:00,5738.25,5739.75,5736.75,5736.75,38,25,136
2024-10-01 12:15:00,5736.5,5740.75,5735.25,5740.75,74,25,462
2024-10-01 12:20:00,5741.0,5746.0,5740.75,5742.25,61,25,231
2024-10-01 12:25:00,5742.0,5755.25,5742.0,5754.0,72,25,252
2024-10-01 12:30:00,5752.75,5760.75,5752.25,5759.0,92,25,578
2024-10-01 12:35:00,5758.25,5764.25,5758.0,5764.25,58,25,523
2024-10-01 12:40:00,5764.25,5770.0,5762.5,5765.0,71,25,156
2024-10-01 12:45:00,5764.75,5764.75,5759.25,5762.5,95,25,561
2024-10-01 12:50:00,5763.0,5765.5,5763.0,5763.25,31,25,101
2024-10-01 12:55:00,5764.25,5766.0,5759.0,5759.5,35,25,134
2024-10-01 13:00:00,5758.25,5766.75,5755.5,5766.75,74,25,342
2024-10-01 13:05:00,5765.75,5768.75,5765.0,5766.0,39,25,179
2024-10-01 13:10:00,5770.0,5771.0,5760.75,5760.75,45,25,95
2024-10-01 13:15:00,5763.75,5766.25,5762.0,5763.5,26,25,64
2024-10-01 13:20:00,5766.0,5766.0,5760.75,5762.25,14,25,25
2024-10-01 13:25:00,5763.25,5763.25,5757.75,5762.25,24,25,128
2024-10-01 13:30:00,5761.75,5761.75,5749.75,5760.0,85,25,222
2024-10-01 13:35:00,5758.75,5762.75,5753.75,5753.75,51,25,119
2024-10-01 13:40:00,5753.75,5755.5,5747.75,5749.75,36,25,56
2024-10-01 13:45:00,5748.25,5749.0,5740.25,5746.5,67,25,451
2024-10-01 13:50:00,5747.5,5762.25,5747.5,5759.0,71,25,353
2024-10-01 13:55:00,5759.25,5764.25,5752.25,5758.75,67,25,348
2024-10-01 14:00:00,5758.0,5758.0,5749.5,5749.5,68,25,221
2024-10-01 14:05:00,5749.25,5750.25,5746.0,5747.75,45,25,110
2024-10-01 14:10:00,5748.75,5751.25,5745.5,5745.75,33,25,67
2024-10-01 14:15:00,5745.0,5745.0,5739.25,5739.25,67,25,136
2024-10-01 14:20:00,5743.0,5745.25,5739.0,5740.75,44,25,142
2024-10-01 14:25:00,5740.5,5742.25,5738.0,5739.0,50,25,103
2024-10-01 14:30:00,5738.0,5753.25,5738.0,5752.0,104,25,367
2024-10-01 14:35:00,5749.5,5750.0,5745.0,5748.5,67,25,790
2024-10-01 14:40:00,5747.0,5757.0,5746.75,5755.25,43,25,396
2024-10-01 14:45:00,5756.5,5758.75,5753.75,5755.0,69,25,708
2024-10-01 14:50:00,5753.25,5759.0,5753.25,5759.0,15,25,30
2024-10-01 14:55:00,5759.0,5769.0,5759.0,5766.75,65,25,259
2024-10-01 15:00:00,5769.0,5780.25,5769.0,5772.0,212,25,1822
2024-10-01 15:05:00,5773.0,5775.0,5771.0,5774.5,53,25,210
2024-10-01 15:10:00,5774.25,5777.0,5772.5,5776.75,43,25,201
2024-10-01 15:15:00,5777.0,5789.25,5777.0,5778.75,161,25,1033
2024-10-01 15:20:00,5779.0,5780.25,5775.75,5778.5,27,25,67
2024-10-01 15:25:00,5778.5,5780.75,5777.0,5780.25,30,25,86
2024-10-01 15:30:00,5780.25,5785.25,5780.25,5781.5,55,25,372
2024-10-01 15:35:00,5781.5,5783.0,5776.25,5780.25,96,25,788
2024-10-01 15:40:00,5780.25,5781.5,5777.0,5779.75,50,25,468
2024-10-01 15:45:00,5780.25,5780.25,5776.5,5779.0,23,25,116
2024-10-01 15:50:00,5779.0,5782.0,5774.25,5775.75,33,25,89
2024-10-01 15:55:00,5777.0,5781.5,5777.0,5779.0,31,25,88
2024-10-01 16:00:00,5777.75,5778.25,5776.25,5776.25,24,25,96
2024-10-01 16:05:00,5777.0,5780.0,5775.0,5779.0,15,25,49
2024-10-01 16:10:00,5778.0,5778.0,5772.75,5774.75,46,25,374
2024-10-01 16:15:00,5773.25,5775.0,5771.5,5775.0,16,25,44
2024-10-01 16:20:00,5777.0,5778.5,5776.75,5777.0,12,25,60
2024-10-01 16:25:00,5778.0,5780.25,5777.25,5777.25,16,25,31
2024-10-01 16:30:00,5778.5,5778.5,5769.5,5769.5,51,25,338
2024-10-01 16:35:00,5770.0,5771.25,5764.25,5769.5,76,25,356
2024-10-01 16:40:00,5770.25,5772.5,5767.75,5767.75,21,25,85
2024-10-01 16:45:00,5767.75,5768.25,5764.5,5765.0,35,25,139
2024-10-01 16:50:00,5765.5,5767.75,5759.5,5761.75,131,25,602
2024-10-01 16:55:00,5761.75,5766.25,5759.75,5761.5,183,25,438
2024-10-01 17:00:00,5762.5,5768.5,5762.5,5765.5,62,25,175
2024-10-01 17:05:00,5765.5,5765.75,5762.25,5764.0,58,25,165
2024-10-01 17:10:00,5763.75,5763.75,5762.75,5762.75,4,25,48
2024-10-01 17:15:00,5763.0,5763.0,5762.0,5762.0,36,25,449
2024-10-01 17:20:00,5763.0,5763.0,5761.25,5761.25,8,25,35
2024-10-01 17:25:00,5762.5,5762.75,5762.25,5762.25,5,25,25
2024-10-01 17:30:00,5762.0,5762.75,5761.0,5761.0,16,25,224
2024-10-01 17:35:00,5760.75,5761.75,5760.75,5761.0,7,25,18
2024-10-01 17:40:00,5761.0,5761.5,5759.25,5759.75,40,25,573
2024-10-01 17:45:00,5758.75,5760.0,5758.5,5758.75,24,25,98
2024-10-01 17:50:00,5759.25,5762.25,5759.25,5762.25,18,25,212
2024-10-02 09:00:00,5746.0,5748.0,5745.0,5748.0,95,25,776
2024-10-02 09:05:00,5747.75,5747.75,5745.0,5745.75,22,25,179
2024-10-02 09:10:00,5745.0,5750.5,5745.0,5749.5,23,25,90
2024-10-02 09:15:00,5749.25,5752.25,5747.5,5749.0,41,25,605
2024-10-02 09:20:00,5753.25,5755.0,5749.25,5749.25,11,25,133
2024-10-02 09:25:00,5749.0,5749.75,5744.75,5744.75,20,25,46
2024-10-02 09:30:00,5744.25,5747.75,5744.25,5747.75,5,25,5
2024-10-02 09:35:00,5750.5,5756.0,5750.5,5756.0,11,25,28
2024-10-02 09:40:00,5755.5,5759.5,5755.5,5757.0,33,25,132
2024-10-02 09:45:00,5756.5,5758.0,5754.25,5755.0,27,25,104
2024-10-02 09:50:00,5756.5,5758.5,5755.25,5758.5,56,25,1601
2024-10-02 09:55:00,5757.5,5757.5,5754.25,5755.25,39,25,452
2024-10-02 10:00:00,5754.75,5754.75,5750.75,5751.75,28,25,235
2024-10-02 10:05:00,5754.75,5755.0,5750.75,5751.25,19,25,105
2024-10-02 10:10:00,5751.5,5752.0,5751.25,5751.75,11,25,47
2024-10-02 10:15:00,5752.5,5752.5,5749.5,5750.75,13,25,19
2024-10-02 10:20:00,5751.5,5752.25,5749.5,5749.5,12,25,21
2024-10-02 10:25:00,5749.75,5750.0,5748.25,5749.5,12,25,75
2024-10-02 10:30:00,5750.75,5750.75,5740.0,5741.5,64,25,108
2024-10-02 10:35:00,5742.25,5745.75,5733.5,5736.0,101,25,395
2024-10-02 10:40:00,5734.75,5734.75,5727.0,5727.75,127,25,747
2024-10-02 10:45:00,5728.0,5748.0,5728.0,5747.0,137,25,349
2024-10-02 10:50:00,5747.5,5750.0,5744.0,5747.5,82,25,708
2024-10-02 10:55:00,5746.5,5750.0,5744.0,5744.5,49,25,365
2024-10-02 11:00:00,5745.25,5757.75,5743.25,5751.25,83,25,271
2024-10-02 11:05:00,5751.75,5753.0,5748.5,5750.5,35,25,130
2024-10-02 11:10:00,5751.25,5756.25,5751.25,5753.0,24,25,69
2024-10-02 11:15:00,5752.75,5760.0,5752.75,5759.0,45,25,118
2024-10-02 11:20:00,5759.5,5763.25,5748.5,5751.0,62,25,118
2024-10-02 11:25:00,5750.0,5758.25,5750.0,5757.25,25,25,76
2024-10-02 11:30:00,5756.25,5763.75,5754.75,5760.25,35,25,88
2024-10-02 11:35:00,5759.0,5762.0,5757.75,5758.5,12,25,29
2024-10-02 11:40:00,5763.75,5764.25,5760.5,5761.5,33,25,81
2024-10-02 11:45:00,5761.25,5774.5,5760.0,5770.25,141,25,729
2024-10-02 11:50:00,5768.75,5768.75,5757.25,5757.25,79,25,409
2024-10-02 11:55:00,5758.25,5761.0,5756.0,5757.75,28,25,45
2024-10-02 12:00:00,5758.0,5765.5,5756.0,5765.0,35,25,78
2024-10-02 12:05:00,5765.75,5766.25,5760.25,5762.75,33,25,87
2024-10-02 12:10:00,5764.5,5766.25,5763.0,5763.5,23,25,35
2024-10-02 12:15:00,5765.0,5772.0,5765.0,5772.0,48,25,551
2024-10-02 12:20:00,5771.25,5771.25,5764.0,5765.75,32,25,120
2024-10-02 12:25:00,5767.0,5770.0,5765.25,5770.0,18,25,39
2024-10-02 12:30:00,5770.25,5772.75,5768.25,5771.25,28,25,200
2024-10-02 12:35:00,5771.5,5772.25,5770.5,5771.25,16,25,117
2024-10-02 12:40:00,5770.0,5772.25,5770.0,5772.25,22,25,223
2024-10-02 12:45:00,5773.5,5773.5,5770.25,5771.0,18,25,114
2024-10-02 12:50:00,5773.0,5773.0,5767.0,5770.0,18,25,84
2024-10-02 12:55:00,5769.5,5769.5,5767.75,5768.5,9,25,77
2024-10-02 13:00:00,5769.5,5771.5,5769.5,5771.5,5,25,14
2024-10-02 13:05:00,5769.75,5772.5,5768.5,5769.75,17,25,112
2024-10-02 13:10:00,5770.5,5772.0,5770.5,5772.0,11,25,68
2024-10-02 13:15:00,5770.5,5770.5,5764.75,5765.75,23,25,111
2024-10-02 13:20:00,5765.0,5769.25,5764.0,5769.25,23,25,77
2024-10-02 13:25:00,5769.75,5771.75,5769.75,5770.5,17,25,80
2024-10-02 13:30:00,5769.25,5769.25,5764.25,5764.25,30,25,42
2024-10-02 13:35:00,5763.75,5765.75,5763.0,5764.75,33,25,62
2024-10-02 13:40:00,5765.0,5765.0,5763.0,5763.0,9,25,58
2024-10-02 13:45:00,5762.75,5763.75,5759.75,5760.75,32,25,183
2024-10-02 13:50:00,5760.25,5761.0,5759.0,5759.75,15,25,19
2024-10-02 13:55:00,5761.25,5761.25,5753.5,5753.5,77,25,509
2024-10-02 14:00:00,5753.25,5757.25,5752.75,5755.75,39,25,289
2024-10-02 14:05:00,5755.75,5755.75,5753.25,5754.25,55,25,210
2024-10-02 14:10:00,5756.75,5756.75,5752.5,5756.0,13,25,58
2024-10-02 14:15:00,5754.0,5756.0,5754.0,5755.25,11,25,14
2024-10-02 14:20:00,5754.5,5757.25,5754.0,5754.5,39,25,128
2024-10-02 14:25:00,5754.25,5761.25,5754.0,5759.5,55,25,168
2024-10-02 14:30:00,5758.25,5759.25,5752.25,5752.5,65,25,308
2024-10-02 14:35:00,5752.0,5757.75,5751.0,5757.25,46,25,101
2024-10-02 14:40:00,5759.0,5759.0,5754.5,5756.25,10,25,15
2024-10-02 14:45:00,5758.0,5763.0,5757.25,5762.5,34,25,94
2024-10-02 14:50:00,5763.5,5764.75,5762.0,5763.5,27,25,60
2024-10-02 14:55:00,5764.75,5766.25,5763.5,5765.75,32,25,48
2024-10-02 15:00:00,5765.75,5768.25,5765.75,5766.25,33,25,53
2024-10-02 15:05:00,5765.25,5766.25,5765.0,5766.0,19,25,34
2024-10-02 15:10:00,5765.25,5766.0,5765.25,5766.0,4,25,28
2024-10-02 15:15:00,5765.75,5767.0,5765.0,5765.25,16,25,89
2024-10-02 15:20:00,5764.0,5765.75,5762.0,5762.0,38,25,98
2024-10-02 15:25:00,5762.75,5764.25,5752.25,5758.0,70,25,374
2024-10-02 15:30:00,5759.0,5762.0,5756.25,5761.25,43,25,329
2024-10-02 15:35:00,5761.25,5761.25,5758.75,5760.5,32,25,204
2024-10-02 15:40:00,5760.5,5762.75,5760.25,5761.75,17,25,44
2024-10-02 15:45:00,5762.5,5764.5,5762.5,5763.75,10,25,12
2024-10-02 15:50:00,5764.5,5764.5,5762.0,5762.75,33,25,290
2024-10-02 15:55:00,5762.75,5763.75,5762.0,5763.5,25,25,326
2024-10-02 16:00:00,5761.75,5765.75,5761.75,5765.0,25,25,205
2024-10-02 16:05:00,5763.75,5766.25,5763.5,5765.25,9,25,30
2024-10-02 16:10:00,5766.0,5766.75,5765.75,5766.25,17,25,229
2024-10-02 16:15:00,5765.25,5766.5,5765.25,5766.5,16,25,122
2024-10-02 16:20:00,5766.75,5767.25,5764.75,5764.75,14,25,21
2024-10-02 16:25:00,5765.0,5766.75,5765.0,5766.0,8,25,24
2024-10-02 16:30:00,5765.25,5765.25,5763.0,5763.25,21,25,36
2024-10-02 16:35:00,5765.5,5766.5,5764.25,5764.5,28,25,91
2024-10-02 16:40:00,5764.25,5766.75,5762.5,5765.75,33,25,262
2024-10-02 16:45:00,5767.0,5768.75,5766.75,5768.0,35,25,167
2024-10-02 16:50:00,5767.5,5767.5,5763.75,5764.0,48,25,228
2024-10-02 16:55:00,5763.5,5766.0,5761.5,5762.25,223,25,1013
2024-10-02 17:00:00,5762.75,5765.5,5761.0,5765.5,50,25,402
2024-10-02 17:05:00,5766.0,5766.0,5765.0,5765.0,8,25,20
2024-10-02 17:10:00,5768.0,5768.25,5767.25,5767.25,12,25,216
2024-10-02 17:15:00,5767.5,5768.75,5767.5,5768.75,9,25,252
2024-10-02 17:20:00,5769.0,5770.0,5768.5,5769.75,28,25,239
2024-10-02 17:25:00,5769.5,5769.5,5769.25,5769.5,13,25,115
2024-10-02 17:30:00,5769.5,5770.0,5769.25,5769.75,34,25,768
2024-10-02 17:35:00,5769.5,5771.5,5769.5,5771.25,18,25,309
2024-10-02 17:40:00,5771.25,5774.0,5771.25,5774.0,21,25,81
2024-10-02 17:45:00,5773.25,5774.0,5772.75,5773.25,28,25,204
2024-10-02 17:50:00,5773.75,5776.25,5773.0,5776.25,20,25,140
