Timestamp,Last,Bid,Ask,Volume,Flags
2024-10-08 11:45:58.956180,5790.5,5791.0,5791.5,2,2
2024-10-08 11:45:59.958009,5790.5,5791.0,5791.5,2,2
2024-10-08 11:46:00.959346,5790.5,5790.75,5791.5,2,2
2024-10-08 11:46:01.960177,5790.5,5791.25,5791.75,2,2
2024-10-08 11:46:02.961009,5790.5,5791.25,5791.75,2,6
2024-10-08 11:46:03.962839,5790.5,5791.5,5792.0,2,2
2024-10-08 11:46:04.963670,5790.5,5791.25,5792.0,2,2
2024-10-08 11:46:05.965499,5790.5,5791.75,5792.0,2,2
2024-10-08 11:46:06.966331,5792.0,5791.75,5792.5,1,4
2024-10-08 11:46:07.967667,5792.0,5792.0,5792.75,1,4
2024-10-08 11:46:08.968497,5792.0,5792.0,5792.5,1,0
2024-10-08 11:46:09.970328,5792.0,5792.0,5792.5,1,6
2024-10-08 11:46:10.972182,5792.0,5791.75,5792.25,1,4
2024-10-08 11:46:11.973014,5792.0,5791.5,5792.0,1,6
2024-10-08 11:46:12.974365,5792.0,5791.5,5792.0,1,6
2024-10-08 11:46:13.975195,5792.0,5791.5,5792.25,1,4
2024-10-08 11:46:14.977025,5792.0,5791.75,5792.25,1,2
2024-10-08 11:46:15.978855,5792.0,5792.0,5792.5,1,6
2024-10-08 11:46:16.981684,5792.0,5792.25,5792.75,1,6
2024-10-08 11:46:17.984020,5792.0,5792.25,5792.5,1,0
2024-10-08 11:46:18.987848,5793.0,5792.5,5793.0,1,0
2024-10-08 11:46:19.991675,5793.25,5793.0,5793.25,2,0
2024-10-08 11:46:20.994504,5793.25,5793.0,5793.5,2,2
2024-10-08 11:46:21.998332,5793.25,5792.5,5793.25,2,6
2024-10-08 11:46:23.002158,5793.25,5792.75,5793.25,2,4
2024-10-08 11:46:24.004988,5793.25,5792.75,5793.25,2,4
2024-10-08 11:46:25.008815,5793.5,5792.75,5793.25,1,0
2024-10-08 11:46:26.012655,5793.5,5793.5,5794.0,1,2
2024-10-08 11:46:27.017001,5794.5,5793.5,5794.25,1,6
2024-10-08 11:46:28.019841,5794.5,5793.0,5793.75,1,6
2024-10-08 11:46:29.022671,5793.0,5793.0,5793.75,1,0
2024-10-08 11:46:30.030493,5793.0,5793.25,5794.0,1,6
2024-10-08 11:46:31.034321,5793.0,5793.5,5794.25,1,6
2024-10-08 11:46:32.041159,5793.0,5793.75,5794.25,1,2
2024-10-08 11:46:33.044985,5793.0,5793.5,5794.25,1,2
2024-10-08 11:46:34.047814,5793.0,5793.75,5794.25,1,2
2024-10-08 11:46:35.050643,5793.0,5793.75,5794.25,1,2
2024-10-08 11:46:36.052993,5793.0,5793.25,5794.0,1,6
2024-10-08 11:46:37.055822,5793.0,5792.75,5793.5,1,6
2024-10-08 11:46:38.058664,5793.0,5793.0,5793.75,1,2
2024-10-08 11:46:39.063490,5793.0,5793.5,5794.25,1,6
2024-10-08 11:46:40.066318,5794.25,5793.25,5794.0,1,2
2024-10-08 11:46:41.069148,5794.25,5793.25,5794.0,1,2
2024-10-08 11:46:42.077969,5794.25,5793.25,5794.0,1,2
2024-10-08 11:46:43.080812,5794.25,5793.25,5794.0,1,2
2024-10-08 11:46:44.084641,5794.25,5793.25,5794.0,1,2
2024-10-08 11:46:45.087470,5794.25,5793.0,5793.75,1,6
2024-10-08 11:46:46.092295,5794.25,5793.25,5793.75,1,2
2024-10-08 11:46:47.095124,5794.25,5793.75,5794.5,1,6
2024-10-08 11:46:48.098457,5794.25,5793.5,5794.25,1,6
2024-10-08 11:46:49.101286,5794.25,5793.5,5794.25,1,6
2024-10-08 11:46:50.104115,5794.25,5793.25,5794.0,1,6
2024-10-08 11:46:51.107943,5793.5,5793.5,5794.25,1,0
2024-10-08 11:46:52.112769,5793.5,5793.5,5794.25,1,0
2024-10-08 11:46:53.116628,5793.5,5793.5,5794.25,1,0
2024-10-08 11:46:54.122958,5793.5,5794.25,5795.0,1,6
2024-10-08 11:46:55.126787,5793.5,5794.25,5795.0,1,6
2024-10-08 11:46:56.136606,5793.5,5793.75,5794.5,1,6
2024-10-08 11:46:57.139435,5793.5,5793.75,5794.5,1,6
2024-10-08 11:46:58.141771,5794.5,5794.25,5795.0,1,0
2024-10-08 11:46:59.145105,5794.5,5794.5,5795.0,1,2
2024-10-08 11:47:00.147934,5795.5,5794.5,5795.0,1,0
2024-10-08 11:47:01.151762,5795.5,5794.75,5795.5,1,6
2024-10-08 11:47:02.156588,5795.5,5795.0,5795.75,1,6
2024-10-08 11:47:03.161429,5796.25,5795.75,5796.25,1,6
2024-10-08 11:47:04.169286,5796.5,5795.5,5796.25,1,2
2024-10-08 11:47:05.172116,5796.5,5795.5,5796.25,1,2
2024-10-08 11:47:06.174462,5796.5,5795.0,5795.75,1,6
2024-10-08 11:47:07.185282,5796.5,5794.75,5795.5,1,6
2024-10-08 11:47:08.188111,5796.5,5795.0,5795.75,1,6
2024-10-08 11:47:09.190939,5796.5,5795.0,5795.75,1,6
2024-10-08 11:47:10.194767,5796.5,5795.0,5795.75,1,6
2024-10-08 11:47:11.197596,5796.5,5795.25,5796.0,1,6
2024-10-08 11:47:12.203421,5796.5,5795.5,5796.25,1,6
2024-10-08 11:47:13.206250,5796.5,5795.75,5796.5,1,4
2024-10-08 11:47:14.209080,5796.5,5796.25,5797.0,1,0
2024-10-08 11:47:15.212920,5796.5,5796.25,5797.0,1,6
2024-10-08 11:47:16.216748,5796.5,5795.5,5796.25,1,6
2024-10-08 11:47:17.219576,5796.5,5795.75,5796.5,1,6
2024-10-08 11:47:18.222417,5796.5,5795.5,5796.25,1,6
2024-10-08 11:47:19.224753,5796.5,5795.75,5796.5,1,6
2024-10-08 11:47:20.228580,5796.5,5796.25,5797.0,1,6
2024-10-08 11:47:21.231930,5796.5,5796.0,5796.75,1,6
2024-10-08 11:47:22.234758,5796.5,5796.0,5796.75,1,6
2024-10-08 11:47:23.236588,5796.5,5796.0,5796.75,1,6
2024-10-08 11:47:24.239417,5796.5,5796.0,5796.75,1,6
2024-10-08 11:47:25.242245,5796.5,5795.75,5796.5,1,6
2024-10-08 11:47:26.245074,5796.5,5796.0,5796.75,1,6
2024-10-08 11:47:27.249901,5796.5,5795.75,5796.5,1,6
2024-10-08 11:47:28.253742,5796.5,5796.5,5797.25,1,6
2024-10-08 11:47:29.256076,5796.5,5796.5,5797.25,1,6
2024-10-08 11:47:30.259904,5796.5,5796.25,5797.0,1,6
2024-10-08 11:47:31.264730,5797.0,5796.5,5797.25,7,6
2024-10-08 11:47:32.267560,5797.0,5796.25,5797.0,7,6
2024-10-08 11:47:33.270388,5797.0,5796.0,5796.75,7,6
2024-10-08 11:47:34.273217,5797.0,5795.75,5796.5,7,6
2024-10-08 11:47:35.275552,5795.75,5795.75,5796.5,1,0
2024-10-08 11:47:36.279380,5795.75,5795.75,5796.5,1,0
2024-10-08 11:47:37.282208,5795.75,5795.5,5796.25,1,6
2024-10-08 11:47:38.285037,5795.75,5795.5,5796.25,1,6
2024-10-08 11:47:39.287867,5795.75,5796.0,5796.75,1,6
2024-10-08 11:47:40.290708,5795.75,5796.0,5796.75,1,4
2024-10-08 11:47:41.294536,5795.75,5795.75,5796.5,1,6
2024-10-08 11:47:42.297365,5795.75,5795.75,5796.5,1,6
2024-10-08 11:47:43.300194,5795.75,5796.0,5796.75,1,6
2024-10-08 11:47:44.310014,5795.75,5796.0,5796.75,1,6
2024-10-08 11:47:45.313843,5795.75,5796.0,5796.25,1,4
2024-10-08 11:47:46.316671,5796.25,5796.25,5797.0,1,6
2024-10-08 11:47:47.321019,5797.0,5796.5,5797.25,1,2
2024-10-08 11:47:48.323847,5797.25,5796.75,5797.25,1,2
2024-10-08 11:47:49.326676,5797.25,5796.25,5797.0,1,6
2024-10-08 11:47:50.329505,5797.25,5796.25,5797.0,1,6
2024-10-08 11:47:51.334355,5797.0,5796.5,5797.0,1,2
2024-10-08 11:47:52.339181,5797.0,5796.25,5797.0,1,2
2024-10-08 11:47:53.342010,5797.0,5796.0,5796.75,1,6
2024-10-08 11:47:54.345837,5797.0,5796.25,5797.0,1,6
2024-10-08 11:47:55.352661,5797.0,5796.25,5797.0,1,6
2024-10-08 11:47:56.355490,5797.0,5796.25,5797.0,1,6
2024-10-08 11:47:57.359332,5797.0,5796.0,5796.75,1,6
2024-10-08 11:47:58.363160,5797.0,5795.75,5796.5,1,6
2024-10-08 11:47:59.365989,5797.0,5795.75,5796.5,1,6
2024-10-08 11:48:00.371323,5795.75,5795.5,5796.25,1,2
2024-10-08 11:48:01.375163,5795.75,5795.25,5796.0,1,6
2024-10-08 11:48:02.379003,5795.75,5795.25,5796.0,1,6
2024-10-08 11:48:03.384828,5795.75,5795.75,5796.5,1,6
2024-10-08 11:48:04.388656,5795.75,5795.75,5796.25,1,4
2024-10-08 11:48:05.392484,5795.75,5795.5,5796.25,1,6
2024-10-08 11:48:06.395313,5796.5,5795.75,5796.5,1,0
2024-10-08 11:48:07.398142,5796.5,5795.75,5796.5,1,0
2024-10-08 11:48:08.400970,5796.5,5795.75,5796.5,1,2
2024-10-08 11:48:09.404798,5796.5,5795.75,5796.5,1,2
2024-10-08 11:48:10.408131,5796.5,5796.0,5796.75,1,6
2024-10-08 11:48:11.411466,5796.5,5796.0,5796.5,1,4
2024-10-08 11:48:12.480249,5796.5,5795.75,5796.5,1,6
2024-10-08 11:48:13.484077,5796.5,5795.5,5796.0,1,4
2024-10-08 11:48:14.487905,5796.5,5795.25,5795.75,1,4
2024-10-08 11:48:15.499230,5796.5,5794.75,5795.5,1,6
2024-10-08 11:48:16.507558,5795.25,5794.5,5795.25,1,6
2024-10-08 11:48:17.511385,5795.25,5794.75,5795.5,1,6
2024-10-08 11:48:18.541705,5795.25,5795.0,5795.75,1,6
2024-10-08 11:48:19.544535,5795.25,5795.0,5795.75,1,2
2024-10-08 11:48:20.548866,5795.25,5795.0,5795.75,1,2
2024-10-08 11:48:21.556689,5795.25,5795.0,5795.75,1,4
2024-10-08 11:48:22.559517,5795.25,5795.25,5796.0,1,6
2024-10-08 11:48:23.563345,5795.25,5795.5,5796.25,1,6
2024-10-08 11:48:24.567173,5795.25,5795.5,5796.25,1,2
2024-10-08 11:48:25.570005,5795.25,5795.5,5796.0,1,4
2024-10-08 11:48:26.572843,5795.25,5795.5,5796.25,1,6
2024-10-08 11:48:27.575684,5795.25,5795.5,5796.25,1,6
2024-10-08 11:48:28.578513,5795.25,5795.5,5796.25,1,6
2024-10-08 11:48:29.581341,5795.25,5795.5,5796.25,1,2
2024-10-08 11:48:30.588167,5795.5,5795.5,5796.25,1,0
2024-10-08 11:48:31.591993,5795.5,5795.5,5796.25,1,0
2024-10-08 11:48:32.595329,5795.5,5795.25,5796.0,1,6
2024-10-08 11:48:33.598159,5795.5,5795.25,5796.0,1,2
2024-10-08 11:48:34.601492,5795.5,5795.0,5795.75,1,6
2024-10-08 11:48:35.603826,5795.25,5794.5,5795.25,1,0
2024-10-08 11:48:36.608652,5795.25,5794.5,5795.25,1,6
2024-10-08 11:48:37.611481,5794.5,5794.5,5795.0,1,4
2024-10-08 11:48:38.614816,5794.5,5794.5,5795.0,1,4
2024-10-08 11:48:39.617645,5794.5,5794.5,5795.25,1,4
2024-10-08 11:48:40.621473,5794.5,5794.0,5794.75,10,6
2024-10-08 11:48:41.624303,5794.5,5793.75,5794.5,10,2
2024-10-08 11:48:42.627165,5794.5,5793.75,5794.5,10,2
2024-10-08 11:48:43.629993,5794.5,5794.0,5794.75,10,6
2024-10-08 11:48:44.633821,5794.5,5793.75,5794.5,10,6
2024-10-08 11:48:45.640645,5794.5,5793.75,5794.5,10,6
2024-10-08 11:48:46.643981,5794.5,5793.75,5794.5,10,2
2024-10-08 11:48:47.648808,5794.5,5793.75,5794.5,10,2
2024-10-08 11:48:48.651637,5794.5,5793.75,5794.5,10,2
2024-10-08 11:48:49.657463,5794.5,5793.0,5793.75,10,6
2024-10-08 11:48:50.662797,5793.25,5793.0,5793.5,10,0
2024-10-08 11:48:51.665641,5793.25,5793.0,5793.5,10,4
2024-10-08 11:48:52.668471,5793.0,5793.0,5793.75,1,4
2024-10-08 11:48:53.675294,5793.0,5793.0,5793.25,3,0
2024-10-08 11:48:54.677631,5793.0,5792.75,5793.25,3,2
2024-10-08 11:48:55.680966,5793.0,5792.25,5793.0,3,6
2024-10-08 11:48:56.683302,5793.0,5792.25,5793.0,3,6
2024-10-08 11:48:57.685651,5792.75,5792.75,5793.5,1,6
2024-10-08 11:48:58.690477,5792.75,5792.75,5793.5,1,6
2024-10-08 11:48:59.693306,5792.75,5792.75,5793.5,1,6
2024-10-08 11:49:00.696135,5792.75,5793.0,5793.5,1,2
2024-10-08 11:49:01.698977,5793.5,5793.25,5794.0,1,6
2024-10-08 11:49:02.701326,5793.5,5793.25,5793.75,1,4
2024-10-08 11:49:03.705153,5793.25,5793.25,5793.75,2,6
2024-10-08 11:49:04.709992,5793.25,5792.75,5793.5,2,6
2024-10-08 11:49:05.713327,5793.25,5793.0,5793.75,2,6
2024-10-08 11:49:06.716155,5793.25,5793.0,5793.75,2,6
2024-10-08 11:49:07.719038,5793.25,5793.25,5794.0,2,2
2024-10-08 11:49:08.721865,5793.25,5793.5,5794.0,2,2
2024-10-08 11:49:09.724694,5793.25,5793.25,5793.75,2,6
2024-10-08 11:49:10.727523,5793.25,5793.25,5793.75,2,2
2024-10-08 11:49:11.730352,5793.25,5793.0,5793.5,2,4
2024-10-08 11:49:12.733181,5793.25,5793.0,5793.75,2,4
2024-10-08 11:49:13.738007,5793.25,5793.0,5793.75,2,4
2024-10-08 11:49:14.740836,5793.25,5793.0,5793.75,2,2
2024-10-08 11:49:15.743665,5793.25,5793.0,5793.75,2,2
2024-10-08 11:49:16.746493,5793.25,5793.0,5793.5,2,4
2024-10-08 11:49:17.749322,5793.25,5793.0,5793.5,2,4
2024-10-08 11:49:18.752151,5793.25,5793.0,5793.5,2,4
2024-10-08 11:49:19.755978,5793.25,5793.0,5793.5,1,4
2024-10-08 11:49:20.758315,5793.25,5793.0,5793.5,1,4
2024-10-08 11:49:21.760145,5793.0,5793.0,5793.25,4,0
2024-10-08 11:49:22.762986,5793.0,5792.25,5793.0,1,6
2024-10-08 11:49:23.766813,5793.0,5792.5,5793.25,1,6
2024-10-08 11:49:24.770147,5793.0,5792.5,5793.25,1,6
2024-10-08 11:49:25.773975,5793.0,5792.5,5793.25,1,6
2024-10-08 11:49:26.777802,5793.0,5792.5,5793.0,1,4
2024-10-08 11:49:27.784132,5793.0,5792.5,5793.25,1,6
2024-10-08 11:49:28.786963,5793.0,5793.0,5793.5,1,2
2024-10-08 11:49:29.790788,5793.0,5792.75,5793.5,1,2
2024-10-08 11:49:30.795615,5793.0,5792.75,5793.5,1,2
2024-10-08 11:49:31.799442,5793.0,5792.75,5793.5,1,2
2024-10-08 11:49:32.803285,5793.0,5792.75,5793.5,1,2
2024-10-08 11:49:33.806114,5793.0,5792.75,5793.5,1,2
2024-10-08 11:49:34.808943,5793.0,5792.75,5793.5,1,2
2024-10-08 11:49:35.812770,5793.0,5792.75,5793.5,1,2
2024-10-08 11:49:36.816106,5792.75,5793.0,5793.75,2,6
2024-10-08 11:49:37.819456,5792.75,5792.75,5793.5,2,6
2024-10-08 11:49:38.822284,5792.75,5792.75,5793.25,2,4
2024-10-08 11:49:39.828109,5792.75,5792.75,5793.5,2,4
2024-10-08 11:49:40.831937,5792.75,5793.0,5793.75,2,6
2024-10-08 11:49:41.834778,5792.75,5793.25,5793.75,2,4
2024-10-08 11:49:42.837607,5792.75,5793.0,5793.75,2,2
2024-10-08 11:49:43.840437,5792.75,5793.0,5793.75,2,2
2024-10-08 11:49:44.843770,5792.75,5793.0,5793.75,2,2
2024-10-08 11:49:45.847598,5792.75,5793.0,5793.75,2,2
2024-10-08 11:49:46.850931,5792.75,5792.75,5793.5,2,6
2024-10-08 11:49:47.856311,5792.75,5792.75,5793.25,2,4
2024-10-08 11:49:48.860644,5792.5,5792.0,5792.75,3,6
2024-10-08 11:49:49.865978,5792.5,5792.5,5793.0,3,2
2024-10-08 11:49:50.869805,5792.5,5792.25,5793.0,3,2
2024-10-08 11:49:51.873633,5792.5,5792.0,5792.75,3,6
2024-10-08 11:49:52.881478,5792.5,5791.75,5792.5,3,2
2024-10-08 11:49:53.885305,5792.5,5792.0,5792.5,3,2
2024-10-08 11:49:54.889133,5792.5,5792.0,5792.5,3,4
2024-10-08 11:49:55.892469,5792.5,5792.0,5792.75,3,2
2024-10-08 11:49:56.896296,5792.5,5792.0,5792.75,3,2
2024-10-08 11:49:57.959055,5792.5,5792.0,5792.75,3,2
2024-10-08 11:49:58.961884,5792.5,5791.75,5792.25,3,2
2024-10-08 11:49:59.964713,5792.5,5792.0,5792.5,3,2
2024-10-08 11:50:00.967047,5792.5,5792.25,5792.75,3,6
2024-10-08 11:50:01.970875,5792.5,5791.75,5792.5,3,2
2024-10-08 11:50:02.973713,5792.5,5791.75,5792.5,3,6
2024-10-08 11:50:03.976542,5792.5,5792.0,5792.5,3,2
2024-10-08 11:50:04.979371,5792.5,5792.5,5793.0,3,2
2024-10-08 11:50:05.984198,5792.5,5792.25,5792.75,3,4
2024-10-08 11:50:06.987531,5792.5,5792.5,5793.25,3,6
2024-10-08 11:50:07.991359,5792.5,5792.0,5792.75,3,6
2024-10-08 11:50:08.999182,5792.0,5792.0,5792.5,1,0
2024-10-08 11:50:10.008004,5792.0,5791.75,5792.5,1,6
2024-10-08 11:50:11.011831,5792.0,5791.75,5792.25,1,4
2024-10-08 11:50:12.015675,5792.0,5791.5,5792.25,1,6
2024-10-08 11:50:13.019502,5792.0,5791.75,5792.25,1,2
2024-10-08 11:50:14.022331,5792.0,5791.0,5791.5,1,6
2024-10-08 11:50:15.025160,5792.0,5790.75,5791.5,1,6
2024-10-08 11:50:16.076963,5792.0,5790.5,5791.25,1,6
2024-10-08 11:50:17.080295,5792.0,5790.75,5791.25,1,2
2024-10-08 11:50:18.084122,5792.0,5791.0,5791.75,1,6
2024-10-08 11:50:19.087951,5792.0,5791.25,5791.75,1,2
2024-10-08 11:50:20.091777,5792.0,5791.0,5791.5,1,6
2024-10-08 11:50:21.100599,5792.0,5790.75,5791.5,1,2
2024-10-08 11:50:22.103440,5792.0,5791.25,5791.75,1,6
2024-10-08 11:50:23.107268,5792.0,5791.0,5791.5,1,6
2024-10-08 11:50:24.111098,5792.0,5790.75,5791.5,1,2
2024-10-08 11:50:25.116921,5792.0,5790.75,5791.5,1,2
2024-10-08 11:50:26.121254,5791.25,5791.25,5792.0,1,6
2024-10-08 11:50:27.124082,5791.25,5791.75,5792.25,1,2
2024-10-08 11:50:28.127440,5791.25,5792.0,5792.5,1,4
2024-10-08 11:50:29.131268,5792.0,5792.0,5792.75,1,4
2024-10-08 11:50:30.133605,5792.0,5791.75,5792.5,1,6
2024-10-08 11:50:31.136433,5792.5,5791.75,5792.5,1,0
2024-10-08 11:50:32.141767,5792.5,5791.75,5792.5,1,2
2024-10-08 11:50:33.144596,5792.25,5791.75,5792.25,1,2
2024-10-08 11:50:34.150421,5792.25,5791.5,5792.25,1,2
2024-10-08 11:50:35.153249,5792.25,5791.5,5792.0,1,4
2024-10-08 11:50:36.156078,5792.25,5791.75,5792.25,1,6
2024-10-08 11:50:37.159917,5792.25,5791.75,5792.25,1,6
2024-10-08 11:50:38.164263,5792.25,5791.75,5792.25,1,2
2024-10-08 11:50:39.168091,5792.25,5791.5,5792.25,1,2
2024-10-08 11:50:40.171918,5791.75,5791.75,5792.5,2,6
2024-10-08 11:50:41.174748,5791.75,5791.75,5792.25,2,4
2024-10-08 11:50:42.177576,5791.75,5791.75,5792.5,2,4
2024-10-08 11:50:43.188900,5791.75,5790.25,5791.0,2,2
2024-10-08 11:50:44.191729,5791.75,5790.25,5790.75,2,4
2024-10-08 11:50:45.194559,5790.5,5790.25,5790.75,1,2
2024-10-08 11:50:46.205377,5790.5,5790.25,5790.75,1,2
2024-10-08 11:50:47.208206,5790.5,5790.25,5791.0,1,4
2024-10-08 11:50:48.218533,5790.5,5790.25,5791.0,1,2
2024-10-08 11:50:49.222361,5790.5,5790.25,5791.0,1,4
2024-10-08 11:50:50.225191,5790.5,5790.5,5791.25,1,4
2024-10-08 11:50:51.228019,5790.5,5790.5,5791.0,1,6
2024-10-08 11:50:52.230858,5790.5,5790.5,5791.25,1,4
2024-10-08 11:50:53.233686,5791.25,5790.5,5791.25,1,0
2024-10-08 11:50:54.237514,5791.25,5790.75,5791.25,1,2
2024-10-08 11:50:55.240847,5791.25,5790.75,5791.25,1,2
2024-10-08 11:50:56.244675,5791.25,5790.75,5791.25,1,2
2024-10-08 11:50:57.247504,5791.25,5791.0,5791.75,1,4
2024-10-08 11:50:58.261835,5791.25,5791.0,5791.5,1,4
2024-10-08 11:50:59.265182,5791.25,5790.75,5791.5,1,2
2024-10-08 11:51:00.268011,5791.25,5790.5,5791.0,1,4
2024-10-08 11:51:01.271839,5791.25,5790.5,5791.25,1,4
2024-10-08 11:51:02.274187,5791.25,5790.25,5791.0,1,6
2024-10-08 11:51:03.277522,5791.25,5790.5,5791.25,1,6
2024-10-08 11:51:04.281350,5790.5,5790.25,5791.0,1,0
2024-10-08 11:51:05.283684,5790.5,5790.5,5791.0,1,4
2024-10-08 11:51:06.286513,5790.5,5790.5,5791.25,1,4
2024-10-08 11:51:07.288860,5790.5,5790.25,5790.75,1,4
2024-10-08 11:51:08.297681,5790.25,5789.75,5790.25,4,6
2024-10-08 11:51:09.303506,5789.75,5790.0,5790.5,1,6
2024-10-08 11:51:10.306842,5789.75,5790.0,5790.5,1,2
2024-10-08 11:51:11.309685,5789.75,5790.25,5790.75,1,6
2024-10-08 11:51:12.312515,5789.75,5789.75,5790.5,1,6
2024-10-08 11:51:13.316341,5790.0,5790.0,5790.5,1,6
2024-10-08 11:51:14.319170,5790.0,5790.0,5790.5,1,2
2024-10-08 11:51:15.321999,5790.0,5789.75,5790.25,1,6
2024-10-08 11:51:16.325826,5790.0,5789.75,5790.25,1,6
2024-10-08 11:51:17.328670,5790.0,5790.0,5790.5,1,6
2024-10-08 11:51:18.331499,5790.0,5789.75,5790.5,1,2
2024-10-08 11:51:19.334327,5790.0,5790.0,5790.75,5,6
2024-10-08 11:51:20.336663,5790.75,5790.25,5790.75,1,2
2024-10-08 11:51:21.339491,5790.75,5790.25,5790.75,1,2
2024-10-08 11:51:22.342320,5790.75,5790.25,5791.0,1,4
2024-10-08 11:51:23.345657,5790.75,5790.5,5791.0,1,2
2024-10-08 11:51:24.349484,5790.75,5790.25,5790.75,1,4
2024-10-08 11:51:25.354310,5790.75,5789.75,5790.5,1,6
2024-10-08 11:51:26.357139,5790.75,5789.75,5790.5,1,4
2024-10-08 11:51:27.359969,5790.75,5789.5,5790.0,1,6
2024-10-08 11:51:28.368791,5789.75,5789.75,5790.25,7,6
2024-10-08 11:51:29.373617,5789.75,5789.75,5790.5,7,4
2024-10-08 11:51:30.378471,5789.75,5789.5,5790.0,7,6
2024-10-08 11:51:31.381300,5789.75,5789.75,5790.25,7,6
2024-10-08 11:51:32.384144,5789.75,5789.75,5790.25,7,6
2024-10-08 11:51:33.388001,5789.75,5789.75,5790.25,7,6
2024-10-08 11:51:34.390830,5789.75,5789.5,5790.0,7,6
2024-10-08 11:51:35.395657,5789.75,5789.5,5789.75,7,4
2024-10-08 11:51:36.398486,5789.25,5789.5,5790.0,1,6
2024-10-08 11:51:37.403312,5789.25,5789.75,5790.25,1,6
2024-10-08 11:51:38.408138,5789.25,5789.75,5790.25,1,6
2024-10-08 11:51:39.412965,5789.25,5789.75,5790.25,1,2
2024-10-08 11:51:40.417791,5789.25,5789.5,5790.0,1,6
2024-10-08 11:51:41.421619,5789.25,5789.25,5789.75,1,6
2024-10-08 11:51:42.425446,5789.25,5789.25,5790.0,1,4
2024-10-08 11:51:43.437278,5789.25,5789.0,5789.75,1,6
2024-10-08 11:51:44.444102,5789.25,5789.25,5789.75,1,2
2024-10-08 11:51:45.450926,5789.25,5789.25,5789.75,1,2
2024-10-08 11:51:46.455752,5789.25,5789.25,5789.75,1,2
2024-10-08 11:51:47.459581,5789.25,5789.5,5790.0,1,6
2024-10-08 11:51:48.463407,5789.25,5789.75,5790.25,1,2
2024-10-08 11:51:49.467742,5789.25,5789.75,5790.25,1,2
2024-10-08 11:51:50.472581,5789.25,5790.0,5790.75,1,6
2024-10-08 11:51:51.475927,5789.25,5790.25,5790.75,1,2
2024-10-08 11:51:52.478278,5789.25,5790.0,5790.5,1,6
2024-10-08 11:51:53.482611,5789.25,5790.0,5790.5,1,6
2024-10-08 11:51:54.485441,5789.25,5790.0,5790.75,1,4
2024-10-08 11:51:55.491265,5789.25,5790.0,5790.5,1,4
2024-10-08 11:51:56.495093,5790.75,5790.5,5791.25,1,6
2024-10-08 11:51:57.498920,5790.75,5790.75,5791.5,1,4
2024-10-08 11:51:58.501750,5790.75,5790.75,5791.5,1,4
2024-10-08 11:51:59.506590,5790.75,5790.5,5791.25,1,2
2024-10-08 11:52:00.512416,5791.0,5790.5,5791.0,1,0
2024-10-08 11:52:01.517254,5791.0,5790.25,5791.0,1,0
2024-10-08 11:52:02.522094,5791.0,5790.25,5790.75,1,4
2024-10-08 11:52:03.525922,5791.0,5790.25,5791.0,1,4
2024-10-08 11:52:04.530748,5791.0,5790.25,5791.0,1,2
2024-10-08 11:52:05.533577,5791.0,5789.75,5790.25,1,4
2024-10-08 11:52:06.537405,5791.0,5789.5,5790.25,1,4
2024-10-08 11:52:07.541752,5791.0,5790.0,5790.75,1,6
2024-10-08 11:52:08.549575,5791.0,5790.25,5790.75,1,6
2024-10-08 11:52:09.553402,5791.0,5790.25,5790.75,1,6
2024-10-08 11:52:10.560226,5791.0,5790.25,5790.75,1,6
2024-10-08 11:52:11.563056,5791.0,5790.25,5790.75,1,4
2024-10-08 11:52:12.567883,5791.0,5790.25,5790.75,1,4
2024-10-08 11:52:13.573707,5791.0,5790.75,5791.25,1,6
2024-10-08 11:52:14.576536,5791.0,5791.0,5791.5,1,6
2024-10-08 11:52:15.582361,5791.0,5791.0,5791.5,1,6
2024-10-08 11:52:16.585189,5791.0,5791.25,5791.75,1,2
2024-10-08 11:52:17.588019,5791.0,5791.75,5792.25,1,6
2024-10-08 11:52:18.597839,5791.0,5791.5,5792.0,1,6
2024-10-08 11:52:19.600668,5791.0,5791.5,5792.25,1,4
2024-10-08 11:52:20.603497,5791.0,5791.5,5792.0,1,4
2024-10-08 11:52:21.607324,5791.0,5791.0,5791.5,1,6
2024-10-08 11:52:22.614148,5791.0,5791.0,5791.5,1,6
2024-10-08 11:52:23.616977,5791.0,5791.25,5791.75,1,6
2024-10-08 11:52:24.619806,5791.0,5791.0,5791.75,1,2
2024-10-08 11:52:25.622635,5791.0,5791.0,5791.75,1,4
2024-10-08 11:52:26.626462,5791.0,5791.0,5791.75,1,4
2024-10-08 11:52:27.630290,5791.0,5791.0,5791.75,1,4
2024-10-08 11:52:28.634117,5791.0,5791.0,5791.75,1,4
2024-10-08 11:52:29.638944,5791.0,5791.25,5792.0,1,4
2024-10-08 11:52:30.645768,5791.0,5791.25,5792.0,1,4
2024-10-08 11:52:31.648597,5791.0,5791.25,5792.0,1,4
2024-10-08 11:52:32.651425,5791.0,5791.25,5792.0,1,4
2024-10-08 11:52:33.654255,5791.0,5791.25,5792.0,1,2
2024-10-08 11:52:34.659081,5791.0,5791.25,5792.0,1,2
2024-10-08 11:52:35.661910,5791.0,5791.25,5792.0,1,4
2024-10-08 11:52:36.664738,5791.0,5791.25,5791.75,1,4
2024-10-08 11:52:37.667567,5791.0,5791.0,5791.5,1,6
2024-10-08 11:52:38.671394,5791.0,5791.0,5791.75,1,4
2024-10-08 11:52:39.674224,5791.0,5791.0,5791.5,1,4
2024-10-08 11:52:40.678051,5791.0,5791.0,5791.75,1,4
2024-10-08 11:52:41.681878,5791.0,5791.75,5792.25,1,6
2024-10-08 11:52:42.685706,5791.0,5791.5,5792.25,1,2
2024-10-08 11:52:43.689534,5791.0,5791.75,5792.25,1,2
2024-10-08 11:52:44.693361,5791.0,5791.75,5792.25,1,2
2024-10-08 11:52:45.696190,5791.0,5791.75,5792.25,1,2
2024-10-08 11:52:46.699019,5791.0,5791.75,5792.25,1,2
2024-10-08 11:52:47.701848,5791.0,5791.75,5792.25,1,2
2024-10-08 11:52:48.708673,5791.0,5791.75,5792.5,1,4
2024-10-08 11:52:49.712500,5791.0,5791.75,5792.25,1,4
2024-10-08 11:52:50.715328,5792.25,5791.75,5792.25,1,0
2024-10-08 11:52:51.718158,5792.25,5791.75,5792.25,1,6
2024-10-08 11:52:52.721985,5792.25,5791.75,5792.25,1,4
2024-10-08 11:52:53.724814,5792.25,5791.75,5792.25,1,4
2024-10-08 11:52:54.727642,5792.25,5791.5,5792.25,1,2
2024-10-08 11:52:55.730472,5792.25,5791.75,5792.5,1,6
2024-10-08 11:52:56.734299,5792.25,5791.75,5792.25,1,4
2024-10-08 11:52:57.737127,5792.25,5791.75,5792.25,1,4
2024-10-08 11:52:58.740955,5792.25,5791.75,5792.5,1,4
2024-10-08 11:52:59.749777,5792.25,5792.0,5792.5,1,2
2024-10-08 11:53:00.751607,5792.25,5792.0,5792.5,1,2
2024-10-08 11:53:01.754436,5792.25,5792.0,5792.5,1,2
2024-10-08 11:53:02.758264,5793.0,5792.0,5792.75,6,6
2024-10-08 11:53:03.765087,5793.0,5792.0,5792.75,6,6
2024-10-08 11:53:04.767916,5793.0,5792.0,5792.75,6,4
2024-10-08 11:53:05.770745,5793.0,5791.5,5792.25,6,2
2024-10-08 11:53:06.773574,5793.0,5791.75,5792.5,6,4
2024-10-08 11:53:07.783395,5793.0,5791.75,5792.25,6,4
2024-10-08 11:53:08.788220,5793.0,5791.75,5792.5,6,4
2024-10-08 11:53:09.791050,5793.0,5792.25,5793.0,6,6
2024-10-08 11:53:10.793878,5793.0,5792.25,5793.0,6,2
2024-10-08 11:53:11.796707,5793.0,5792.0,5792.75,6,6
2024-10-08 11:53:12.799536,5793.0,5792.5,5793.0,6,2
2024-10-08 11:53:13.802364,5793.0,5792.25,5793.0,6,2
2024-10-08 11:53:14.805193,5793.0,5792.5,5793.25,6,6
2024-10-08 11:53:15.810020,5793.0,5792.0,5792.75,6,6
2024-10-08 11:53:16.812848,5793.0,5792.25,5793.0,6,6
2024-10-08 11:53:17.815677,5793.0,5792.25,5793.0,6,6
2024-10-08 11:53:18.818506,5793.0,5792.25,5793.0,6,6
2024-10-08 11:53:19.821335,5793.0,5792.5,5793.0,6,2
2024-10-08 11:53:20.824164,5793.0,5792.5,5793.25,6,6
2024-10-08 11:53:21.827991,5793.0,5792.75,5793.5,6,6
2024-10-08 11:53:22.830820,5793.0,5793.0,5793.75,6,4
2024-10-08 11:53:23.833649,5793.0,5793.25,5793.75,6,2
2024-10-08 11:53:24.840473,5793.0,5793.25,5794.0,6,4
2024-10-08 11:53:25.842304,5793.0,5793.0,5793.75,6,6
2024-10-08 11:53:26.845132,5793.0,5792.5,5793.25,6,6
2024-10-08 11:53:27.846962,5793.0,5792.5,5793.25,6,6
2024-10-08 11:53:28.849790,5792.25,5792.25,5793.0,1,0
2024-10-08 11:53:29.852619,5792.25,5792.25,5793.0,1,0
2024-10-08 11:53:30.856447,5792.25,5792.5,5793.25,1,4
2024-10-08 11:53:31.860275,5792.25,5792.25,5793.0,1,6
2024-10-08 11:53:32.863103,5792.25,5791.75,5792.5,1,6
2024-10-08 11:53:33.865932,5792.25,5791.75,5792.5,1,6
2024-10-08 11:53:34.868761,5792.25,5791.25,5792.0,1,6
2024-10-08 11:53:35.872589,5792.25,5791.75,5792.5,1,6
2024-10-08 11:53:36.877415,5792.25,5791.75,5792.5,1,6
2024-10-08 11:53:37.880243,5792.25,5792.0,5792.75,1,6
2024-10-08 11:53:38.883073,5792.25,5792.0,5792.75,1,4
2024-10-08 11:53:39.886900,5792.25,5792.0,5792.75,1,4
2024-10-08 11:53:40.889729,5792.0,5792.0,5792.75,1,2
2024-10-08 11:53:41.892557,5792.0,5792.0,5792.75,1,2
2024-10-08 11:53:42.895386,5792.0,5792.0,5792.75,1,4
2024-10-08 11:53:43.898215,5792.0,5792.0,5792.75,4,0
2024-10-08 11:53:44.901044,5792.0,5792.0,5792.75,4,6
2024-10-08 11:53:45.903874,5792.0,5792.25,5792.75,4,4
2024-10-08 11:53:46.906701,5792.0,5792.0,5792.75,4,6
2024-10-08 11:53:47.909530,5792.0,5791.75,5792.5,4,6
2024-10-08 11:53:48.913358,5792.0,5792.0,5792.75,4,6
2024-10-08 11:53:49.918184,5792.0,5791.75,5792.5,4,2
2024-10-08 11:53:50.922012,5792.0,5791.75,5792.25,4,4
2024-10-08 11:53:51.925840,5792.0,5791.75,5792.5,4,6
2024-10-08 11:53:52.936659,5792.25,5791.75,5792.5,1,0
2024-10-08 11:53:53.939488,5792.25,5791.25,5791.75,1,4
2024-10-08 11:53:54.943315,5792.25,5791.0,5791.75,1,2
2024-10-08 11:53:55.945145,5792.25,5791.0,5791.75,1,2
2024-10-08 11:53:56.950971,5792.25,5791.25,5792.0,1,4
2024-10-08 11:53:57.954798,5792.25,5791.5,5792.0,1,2
2024-10-08 11:53:58.957627,5792.25,5791.5,5792.0,1,2
2024-10-08 11:53:59.961455,5792.25,5791.5,5792.0,1,2
2024-10-08 11:54:00.965282,5792.25,5791.25,5792.0,1,2
2024-10-08 11:54:01.968111,5792.25,5791.25,5792.0,1,2
2024-10-08 11:54:02.970939,5792.25,5791.25,5792.0,1,2
2024-10-08 11:54:03.974767,5792.25,5791.25,5792.0,1,2
2024-10-08 11:54:04.977597,5792.25,5791.75,5792.25,1,6
2024-10-08 11:54:05.980425,5792.25,5791.5,5792.25,1,2
2024-10-08 11:54:06.984253,5792.25,5791.25,5792.0,1,6
2024-10-08 11:54:07.988080,5792.25,5791.0,5791.75,1,6
2024-10-08 11:54:08.991908,5792.25,5791.0,5791.75,1,6
2024-10-08 11:54:09.995735,5792.25,5790.5,5791.25,1,6
2024-10-08 11:54:10.998564,5792.25,5790.5,5791.0,1,4
2024-10-08 11:54:12.003391,5792.25,5790.5,5791.25,1,4
2024-10-08 11:54:13.007219,5792.25,5790.5,5791.0,1,2
2024-10-08 11:54:14.011046,5792.25,5790.5,5791.0,1,2
2024-10-08 11:54:15.013875,5792.25,5790.0,5790.75,1,2
2024-10-08 11:54:16.016703,5792.25,5790.25,5790.75,1,2
2024-10-08 11:54:17.019532,5792.25,5790.0,5790.75,1,2
2024-10-08 11:54:18.024359,5792.25,5790.0,5790.75,1,2
2024-10-08 11:54:19.028187,5792.25,5789.75,5790.25,1,4
2024-10-08 11:54:20.032014,5792.25,5789.75,5790.5,1,4
2024-10-08 11:54:21.034843,5792.25,5789.75,5790.5,1,4
2024-10-08 11:54:22.039669,5792.25,5790.0,5790.75,1,2
2024-10-08 11:54:23.042498,5792.25,5790.5,5791.25,1,4
2024-10-08 11:54:24.045327,5792.25,5791.0,5791.5,1,6
2024-10-08 11:54:25.049154,5792.25,5791.0,5791.5,1,6
2024-10-08 11:54:26.051984,5792.25,5791.25,5791.75,1,2
2024-10-08 11:54:27.055810,5792.25,5791.0,5791.75,1,2
2024-10-08 11:54:28.058639,5792.25,5791.0,5791.75,1,2
2024-10-08 11:54:29.061468,5792.25,5790.75,5791.5,1,2
2024-10-08 11:54:30.066295,5792.25,5790.75,5791.5,1,2
2024-10-08 11:54:31.070122,5792.25,5790.75,5791.5,1,2
2024-10-08 11:54:32.072951,5792.25,5790.75,5791.5,1,2
2024-10-08 11:54:33.076778,5792.25,5790.5,5791.25,1,6
2024-10-08 11:54:34.079608,5792.25,5790.5,5791.0,1,2
2024-10-08 11:54:35.082436,5792.25,5790.25,5791.0,1,6
2024-10-08 11:54:36.086264,5792.25,5790.25,5791.0,1,6
2024-10-08 11:54:37.089092,5792.25,5790.25,5791.0,1,6
2024-10-08 11:54:38.091921,5792.25,5790.25,5791.0,1,6
2024-10-08 11:54:39.094750,5792.25,5790.0,5790.5,1,2
2024-10-08 11:54:40.097579,5792.25,5789.5,5790.25,1,2
2024-10-08 11:54:41.101407,5792.25,5789.25,5789.75,1,6
2024-10-08 11:54:42.104235,5792.25,5789.25,5789.75,1,4
2024-10-08 11:54:43.109061,5789.25,5789.25,5790.0,8,6
2024-10-08 11:54:44.111890,5789.25,5789.75,5790.25,8,2
2024-10-08 11:54:45.114719,5790.25,5789.75,5790.25,1,2
2024-10-08 11:54:46.117549,5790.25,5789.5,5790.25,1,0
2024-10-08 11:54:47.121376,5790.25,5789.75,5790.25,1,2
2024-10-08 11:54:48.124204,5790.25,5789.75,5790.5,1,4
2024-10-08 11:54:49.127033,5790.25,5789.75,5790.5,1,4
2024-10-08 11:54:50.130861,5790.25,5789.5,5790.25,1,2
2024-10-08 11:54:51.133690,5790.25,5789.75,5790.5,1,6
2024-10-08 11:54:52.137517,5790.25,5789.75,5790.25,1,2
2024-10-08 11:54:53.140347,5790.25,5789.5,5790.25,1,4
2024-10-08 11:54:54.144173,5790.25,5789.5,5790.0,1,2
2024-10-08 11:54:55.147002,5790.25,5789.25,5789.75,1,4
2024-10-08 11:54:56.150830,5790.25,5789.25,5790.0,1,6
2024-10-08 11:54:57.153659,5788.75,5788.75,5789.5,3,6
2024-10-08 11:54:58.158485,5788.75,5789.0,5789.5,3,4
2024-10-08 11:54:59.162313,5788.75,5789.5,5790.0,3,6
2024-10-08 11:55:00.166140,5788.75,5789.5,5790.25,3,6
2024-10-08 11:55:01.168969,5788.75,5790.0,5790.5,3,6
2024-10-08 11:55:02.172797,5788.75,5789.75,5790.25,3,4
2024-10-08 11:55:03.175625,5788.75,5789.5,5790.25,3,2
2024-10-08 11:55:04.180452,5788.75,5789.75,5790.25,3,2
2024-10-08 11:55:05.184279,5788.75,5789.25,5790.0,3,6
2024-10-08 11:55:06.187109,5788.75,5789.25,5790.0,3,6
2024-10-08 11:55:07.190936,5790.0,5789.75,5790.5,1,6
2024-10-08 11:55:08.193766,5790.0,5789.75,5790.5,1,6
2024-10-08 11:55:09.196594,5790.0,5789.75,5790.5,1,6
2024-10-08 11:55:10.199423,5790.0,5789.75,5790.5,1,6
2024-10-08 11:55:11.203250,5790.0,5789.5,5790.25,1,6
2024-10-08 11:55:12.206079,5790.0,5789.5,5790.25,1,6
2024-10-08 11:55:13.208907,5790.0,5789.75,5790.5,1,6
2024-10-08 11:55:14.211736,5790.0,5789.75,5790.5,1,6
2024-10-08 11:55:15.214565,5790.0,5790.25,5791.0,1,6
2024-10-08 11:55:16.218393,5790.0,5790.5,5791.25,1,6
2024-10-08 11:55:17.222221,5790.0,5790.5,5791.25,1,2
2024-10-08 11:55:18.225050,5790.0,5790.25,5791.0,1,6
2024-10-08 11:55:19.227878,5790.0,5790.0,5790.75,1,6
2024-10-08 11:55:20.230707,5790.0,5790.0,5790.75,1,6
2024-10-08 11:55:21.234534,5790.0,5790.0,5790.75,1,6
2024-10-08 11:55:22.238362,5790.0,5790.25,5791.0,1,6
2024-10-08 11:55:23.241191,5790.0,5790.25,5791.0,1,6
2024-10-08 11:55:24.245018,5790.0,5790.5,5791.0,1,2
2024-10-08 11:55:25.247847,5790.0,5790.25,5791.0,1,2
2024-10-08 11:55:26.250676,5790.0,5790.25,5791.0,1,2
2024-10-08 11:55:27.253505,5790.0,5790.25,5791.0,1,2
2024-10-08 11:55:28.262326,5790.0,5790.5,5791.25,1,6
2024-10-08 11:55:29.265155,5790.0,5790.5,5791.25,1,2
2024-10-08 11:55:30.268982,5790.0,5790.5,5791.25,1,2
2024-10-08 11:55:31.271811,5790.0,5790.75,5791.5,1,4
2024-10-08 11:55:32.275639,5790.0,5790.75,5791.5,1,4
2024-10-08 11:55:33.280466,5790.0,5790.25,5791.0,1,6
2024-10-08 11:55:34.283294,5790.0,5790.5,5791.25,1,6
2024-10-08 11:55:35.287122,5790.0,5790.5,5791.25,1,6
2024-10-08 11:55:36.290950,5790.0,5790.5,5791.25,1,6
2024-10-08 11:55:37.293779,5790.0,5790.75,5791.5,1,6
2024-10-08 11:55:38.297606,5791.5,5790.75,5791.5,1,0
2024-10-08 11:55:39.301434,5791.75,5791.0,5791.75,1,0
2024-10-08 11:55:40.304266,5791.75,5790.75,5791.5,1,6
2024-10-08 11:55:41.307091,5791.75,5790.75,5791.5,1,6
2024-10-08 11:55:42.312916,5791.75,5790.75,5791.5,1,6
2024-10-08 11:55:43.315745,5791.75,5790.75,5791.5,1,6
2024-10-08 11:55:44.318574,5791.75,5790.75,5791.5,1,2
2024-10-08 11:55:45.322401,5791.75,5791.0,5791.75,1,6
2024-10-08 11:55:46.330225,5791.75,5791.25,5792.0,1,4
2024-10-08 11:55:47.334053,5791.75,5791.25,5792.0,1,2
2024-10-08 11:55:48.336881,5791.75,5791.5,5792.25,1,4
2024-10-08 11:55:49.339710,5791.75,5791.5,5792.25,1,2
2024-10-08 11:55:50.343537,5791.75,5791.5,5792.25,1,2
2024-10-08 11:55:51.347365,5791.75,5791.25,5792.0,1,6
2024-10-08 11:55:52.351192,5791.75,5791.5,5792.25,1,6
2024-10-08 11:55:53.354021,5791.75,5791.5,5792.25,1,6
2024-10-08 11:55:54.356850,5792.5,5792.0,5792.75,7,6
2024-10-08 11:55:55.360678,5792.5,5791.75,5792.5,7,6
2024-10-08 11:55:56.364506,5792.5,5791.75,5792.5,7,6
2024-10-08 11:55:57.369332,5792.5,5791.75,5792.25,7,2
2024-10-08 11:55:58.374158,5792.5,5791.5,5792.25,7,2
2024-10-08 11:55:59.377986,5792.5,5791.25,5792.0,7,6
2024-10-08 11:56:00.380814,5792.5,5791.25,5792.0,7,6
2024-10-08 11:56:01.383643,5792.5,5791.25,5792.0,7,6
2024-10-08 11:56:02.387471,5792.5,5791.25,5792.0,7,6
2024-10-08 11:56:03.391299,5792.5,5791.75,5792.5,7,6
2024-10-08 11:56:04.395126,5792.5,5791.75,5792.5,7,6
2024-10-08 11:56:05.398954,5792.5,5791.75,5792.5,7,6
2024-10-08 11:56:06.401782,5792.5,5791.75,5792.5,7,6
2024-10-08 11:56:07.404611,5792.5,5791.5,5792.25,7,6
2024-10-08 11:56:08.419426,5792.5,5791.5,5792.25,7,6
2024-10-08 11:56:09.422255,5792.5,5791.5,5792.25,7,6
2024-10-08 11:56:10.426082,5792.5,5792.0,5792.5,7,2
2024-10-08 11:56:11.429910,5792.5,5791.5,5792.25,7,6
2024-10-08 11:56:12.433738,5792.5,5791.25,5792.0,7,6
2024-10-08 11:56:13.436566,5792.5,5791.5,5792.25,7,6
2024-10-08 11:56:14.439395,5792.5,5791.5,5792.25,7,6
2024-10-08 11:56:15.443223,5792.5,5791.5,5792.25,7,6
2024-10-08 11:56:16.446051,5792.5,5790.75,5791.5,7,6
2024-10-08 11:56:17.447882,5792.5,5790.5,5791.25,7,2
2024-10-08 11:56:18.451710,5792.5,5790.5,5791.0,7,4
2024-10-08 11:56:19.454538,5792.5,5790.25,5791.0,7,2
2024-10-08 11:56:20.456882,5792.5,5790.25,5791.0,7,6
2024-10-08 11:56:21.459725,5792.5,5790.0,5790.5,7,6
2024-10-08 11:56:22.463565,5792.5,5790.0,5790.5,7,6
2024-10-08 11:56:23.467912,5792.5,5790.0,5790.5,7,6
2024-10-08 11:56:24.470242,5792.5,5790.0,5790.5,7,6
2024-10-08 11:56:25.473586,5792.5,5790.0,5790.5,7,6
2024-10-08 11:56:26.476424,5792.5,5790.0,5790.5,7,6
2024-10-08 11:56:27.478765,5792.5,5790.0,5790.5,7,6
2024-10-08 11:56:28.483602,5792.5,5790.0,5790.5,7,6
2024-10-08 11:56:29.485659,5792.5,5790.0,5790.5,7,6
2024-10-08 11:56:30.490494,5790.0,5789.5,5790.25,1,6
2024-10-08 11:56:31.493338,5790.0,5789.25,5790.0,1,6
2024-10-08 11:56:32.496166,5788.25,5788.75,5789.25,2,0
2024-10-08 11:56:33.498995,5788.25,5788.25,5789.0,5,2
2024-10-08 11:56:34.501824,5788.25,5788.5,5789.25,5,6
2024-10-08 11:56:35.504653,5788.25,5789.0,5789.75,5,6
2024-10-08 11:56:36.507481,5788.25,5788.25,5789.0,5,6
2024-10-08 11:56:37.510310,5788.25,5788.25,5789.0,5,2
2024-10-08 11:56:38.536112,5788.25,5788.5,5789.0,5,2
2024-10-08 11:56:39.539939,5788.25,5788.25,5789.0,5,2
2024-10-08 11:56:40.542768,5788.25,5788.5,5789.0,5,2
2024-10-08 11:56:41.545597,5788.25,5788.5,5789.0,5,2
2024-10-08 11:56:42.548426,5788.25,5788.25,5789.0,5,2
2024-10-08 11:56:43.551255,5788.25,5788.25,5789.0,5,2
2024-10-08 11:56:44.554083,5788.25,5788.5,5789.25,5,6
2024-10-08 11:56:45.556912,5788.25,5788.5,5789.25,5,4
2024-10-08 11:56:46.560740,5788.25,5789.0,5789.5,5,6
2024-10-08 11:56:47.567564,5789.75,5789.25,5789.75,6,2
2024-10-08 11:56:48.570393,5789.75,5788.75,5789.5,6,6
2024-10-08 11:56:49.575219,5789.75,5788.5,5789.25,6,4
2024-10-08 11:56:50.579047,5789.75,5788.25,5789.0,6,6
2024-10-08 11:56:51.581876,5789.75,5788.5,5789.0,6,2
2024-10-08 11:56:52.584705,5789.75,5788.5,5789.25,6,4
2024-10-08 11:56:53.588532,5789.75,5788.5,5789.25,6,4
2024-10-08 11:56:54.591361,5789.75,5788.5,5789.0,6,2
2024-10-08 11:56:55.594190,5789.75,5788.75,5789.25,6,6
2024-10-08 11:56:56.598018,5789.25,5788.75,5789.25,1,2
2024-10-08 11:56:57.601845,5789.25,5789.25,5789.75,1,2
2024-10-08 11:56:58.610667,5789.25,5789.0,5789.75,1,6
2024-10-08 11:56:59.613495,5789.25,5789.25,5790.0,1,6
2024-10-08 11:57:00.616324,5789.25,5789.5,5790.25,1,6
2024-10-08 11:57:01.619153,5789.25,5789.75,5790.25,1,2
2024-10-08 11:57:02.621982,5789.25,5789.75,5790.25,1,2
2024-10-08 11:57:03.674753,5790.25,5790.0,5790.5,10,4
2024-10-08 11:57:04.679579,5790.25,5790.0,5790.75,10,4
2024-10-08 11:57:05.682407,5790.25,5789.75,5790.5,10,6
2024-10-08 11:57:06.685236,5790.25,5789.75,5790.5,11,0
2024-10-08 11:57:07.688065,5790.25,5789.75,5790.25,11,4
2024-10-08 11:57:08.727850,5790.25,5790.0,5790.5,11,2
2024-10-08 11:57:09.731678,5790.25,5790.0,5790.75,11,4
2024-10-08 11:57:10.734507,5790.25,5789.75,5790.5,11,6
2024-10-08 11:57:11.737336,5790.25,5790.0,5790.5,11,2
2024-10-08 11:57:12.740165,5790.25,5790.0,5790.75,11,2
2024-10-08 11:57:13.742993,5790.25,5790.25,5791.0,11,6
2024-10-08 11:57:14.746821,5790.25,5790.5,5791.25,11,6
2024-10-08 11:57:15.749650,5790.25,5790.25,5791.0,11,2
2024-10-08 11:57:16.752478,5790.25,5789.75,5790.25,11,6
2024-10-08 11:57:17.756306,5790.25,5790.0,5790.75,11,4
2024-10-08 11:57:18.759135,5790.25,5790.5,5791.25,11,6
2024-10-08 11:57:19.761963,5790.25,5790.5,5791.25,11,6
2024-10-08 11:57:20.765791,5790.25,5790.5,5791.25,11,6
2024-10-08 11:57:21.769619,5790.25,5790.5,5791.25,11,2
2024-10-08 11:57:22.773446,5790.25,5790.5,5791.25,11,2
2024-10-08 11:57:23.776275,5790.25,5790.5,5791.25,11,6
2024-10-08 11:57:24.779104,5791.0,5790.25,5791.0,1,2
2024-10-08 11:57:25.782932,5791.0,5790.25,5791.0,1,2
2024-10-08 11:57:26.786759,5791.0,5790.25,5791.0,1,2
2024-10-08 11:57:27.789588,5791.0,5790.25,5791.0,1,2
2024-10-08 11:57:28.792417,5791.0,5790.0,5790.75,1,6
2024-10-08 11:57:29.798242,5791.0,5789.5,5790.25,1,6
2024-10-08 11:57:30.802070,5791.0,5789.5,5790.25,1,6
2024-10-08 11:57:31.805898,5791.0,5789.5,5790.25,1,6
2024-10-08 11:57:32.808726,5791.0,5789.5,5790.25,1,6
2024-10-08 11:57:33.811555,5791.0,5789.75,5790.5,1,6
2024-10-08 11:57:34.814384,5791.0,5789.5,5790.25,1,4
2024-10-08 11:57:35.817213,5791.0,5789.5,5790.25,1,4
2024-10-08 11:57:36.820041,5791.0,5789.75,5790.5,1,6
2024-10-08 11:57:37.822870,5791.0,5789.75,5790.5,1,6
2024-10-08 11:57:38.827697,5791.0,5789.75,5790.5,1,6
2024-10-08 11:57:39.831524,5791.0,5789.75,5790.5,1,6
2024-10-08 11:57:40.834353,5791.0,5789.75,5790.5,1,6
2024-10-08 11:57:41.837181,5791.0,5790.25,5791.0,1,6
2024-10-08 11:57:42.840011,5791.0,5790.25,5791.0,1,6
2024-10-08 11:57:43.843838,5791.0,5790.5,5791.25,1,6
2024-10-08 11:57:44.846667,5791.0,5790.25,5791.0,1,6
2024-10-08 11:57:45.850495,5791.0,5790.25,5791.0,1,6
2024-10-08 11:57:46.855321,5791.0,5790.0,5790.75,1,6
2024-10-08 11:57:47.859149,5790.0,5790.25,5791.0,2,6
2024-10-08 11:57:48.861977,5790.0,5790.0,5790.75,2,6
2024-10-08 11:57:49.864806,5790.0,5790.0,5790.75,2,2
2024-10-08 11:57:50.867635,5790.0,5790.25,5790.75,2,2
2024-10-08 11:57:51.870464,5790.0,5790.0,5790.75,2,2
2024-10-08 11:57:52.873292,5790.0,5790.0,5790.75,2,2
2024-10-08 11:57:53.876121,5790.0,5789.75,5790.5,2,6
2024-10-08 11:57:54.878951,5790.0,5789.75,5790.5,3,6
2024-10-08 11:57:55.885775,5790.0,5789.75,5790.25,3,4
2024-10-08 11:57:56.889602,5790.0,5789.5,5790.0,3,6
2024-10-08 11:57:57.892430,5790.0,5789.75,5790.5,5,4
2024-10-08 11:57:58.895259,5790.0,5790.0,5790.75,5,4
2024-10-08 11:57:59.898088,5790.0,5790.0,5790.5,5,4
2024-10-08 11:58:00.901915,5790.0,5790.0,5790.75,5,4
2024-10-08 11:58:01.904745,5790.0,5789.5,5790.25,5,2
2024-10-08 11:58:02.914565,5790.0,5789.25,5790.0,5,6
2024-10-08 11:58:03.917394,5790.0,5789.0,5789.75,5,6
2024-10-08 11:58:04.920222,5790.0,5789.0,5789.75,5,2
2024-10-08 11:58:05.923051,5789.25,5789.25,5790.0,1,0
2024-10-08 11:58:06.925881,5789.25,5789.25,5790.0,1,0
2024-10-08 11:58:07.928709,5789.25,5789.25,5790.0,1,0
2024-10-08 11:58:08.931540,5789.25,5789.25,5789.75,1,4
2024-10-08 11:58:09.933368,5789.25,5789.0,5789.75,1,2
2024-10-08 11:58:10.937195,5789.25,5788.75,5789.5,1,6
2024-10-08 11:58:11.941023,5789.25,5788.75,5789.5,1,6
2024-10-08 11:58:12.943852,5789.25,5789.0,5789.75,1,6
2024-10-08 11:58:13.946680,5789.25,5789.0,5789.5,1,4
2024-10-08 11:58:14.949509,5789.25,5788.75,5789.5,1,2
2024-10-08 11:58:15.953337,5789.25,5788.75,5789.25,1,4
2024-10-08 11:58:16.958163,5789.25,5788.5,5789.25,1,6
2024-10-08 11:58:17.960992,5789.25,5789.25,5789.75,1,6
2024-10-08 11:58:18.964819,5789.25,5789.25,5789.75,1,2
2024-10-08 11:58:19.968647,5789.25,5789.25,5790.0,1,4
2024-10-08 11:58:20.971476,5789.25,5789.25,5790.0,1,4
2024-10-08 11:58:21.975303,5789.25,5789.5,5790.0,1,2
2024-10-08 11:58:22.978132,5789.25,5789.5,5790.0,1,2
2024-10-08 11:58:23.982960,5789.5,5789.75,5790.5,5,6
2024-10-08 11:58:24.985788,5789.5,5789.75,5790.5,5,2
2024-10-08 11:58:25.988616,5789.5,5789.75,5790.5,5,2
2024-10-08 11:58:26.991446,5789.5,5789.75,5790.5,5,2
2024-10-08 11:58:27.994274,5789.5,5790.0,5790.75,5,4
2024-10-08 11:58:28.998102,5789.5,5790.0,5790.75,5,4
2024-10-08 11:58:30.000930,5789.5,5790.0,5790.75,5,4
2024-10-08 11:58:31.007755,5789.5,5790.0,5790.75,5,4
2024-10-08 11:58:32.010584,5789.5,5790.25,5791.0,5,6
2024-10-08 11:58:33.013412,5789.5,5790.25,5790.75,5,4
2024-10-08 11:58:34.018239,5789.5,5790.25,5790.75,5,4
2024-10-08 11:58:35.023066,5789.5,5789.5,5790.25,5,6
2024-10-08 11:58:36.026893,5789.5,5789.5,5790.25,5,6
2024-10-08 11:58:37.035714,5789.5,5789.5,5790.25,5,6
2024-10-08 11:58:38.039542,5789.5,5789.75,5790.5,5,6
2024-10-08 11:58:39.042371,5789.5,5789.75,5790.5,5,6
2024-10-08 11:58:40.047197,5789.5,5789.75,5790.5,5,6
2024-10-08 11:58:41.050026,5789.5,5789.75,5790.5,5,6
2024-10-08 11:58:42.053854,5789.5,5789.75,5790.5,5,6
2024-10-08 11:58:43.058680,5789.5,5789.75,5790.5,5,6
2024-10-08 11:58:44.061508,5789.5,5790.0,5790.5,5,2
2024-10-08 11:58:45.064337,5789.5,5789.75,5790.5,5,2
2024-10-08 11:58:46.067166,5789.5,5789.75,5790.5,5,2
2024-10-08 11:58:47.070994,5789.5,5790.0,5790.75,5,6
2024-10-08 11:58:48.074821,5789.5,5790.25,5791.0,5,6
2024-10-08 11:58:49.077650,5789.5,5790.0,5790.75,5,6
2024-10-08 11:58:50.081478,5789.5,5790.5,5791.25,5,4
2024-10-08 11:58:51.083308,5789.5,5790.5,5791.25,5,4
2024-10-08 11:58:52.086136,5789.5,5790.5,5791.25,5,4
2024-10-08 11:58:53.088965,5789.5,5790.5,5791.25,5,4
2024-10-08 11:58:54.092793,5789.5,5790.5,5791.25,5,4
2024-10-08 11:58:55.096620,5789.5,5790.75,5791.25,5,2
2024-10-08 11:58:56.099449,5789.5,5790.5,5791.25,5,2
2024-10-08 11:58:57.101279,5789.5,5790.5,5791.25,5,2
2024-10-08 11:58:58.104108,5789.5,5790.5,5791.25,5,2
2024-10-08 11:58:59.107936,5789.5,5790.75,5791.25,5,2
2024-10-08 11:59:00.111763,5789.5,5790.75,5791.5,5,4
2024-10-08 11:59:01.192501,5789.5,5791.0,5791.75,5,6
2024-10-08 11:59:02.196328,5789.5,5791.0,5791.75,5,6
2024-10-08 11:59:03.200156,5789.5,5791.0,5791.75,5,2
2024-10-08 11:59:04.202985,5789.5,5791.25,5792.0,5,6
2024-10-08 11:59:05.205814,5789.5,5791.5,5792.25,5,6
2024-10-08 11:59:06.208643,5789.5,5791.5,5792.25,5,6
2024-10-08 11:59:07.211471,5789.5,5791.5,5792.25,5,2
2024-10-08 11:59:08.214300,5789.5,5791.75,5792.5,5,6
2024-10-08 11:59:09.217129,5789.5,5791.5,5792.25,5,6
2024-10-08 11:59:10.220957,5789.5,5792.0,5792.75,5,6
2024-10-08 11:59:11.224784,5789.5,5792.0,5792.75,5,6
2024-10-08 11:59:12.228612,5789.5,5791.75,5792.5,5,6
2024-10-08 11:59:13.249419,5789.5,5791.75,5792.5,5,6
2024-10-08 11:59:14.253247,5789.5,5791.75,5792.5,5,6
2024-10-08 11:59:15.256076,5789.5,5791.75,5792.5,5,6
2024-10-08 11:59:16.258904,5789.5,5791.75,5792.5,5,6
2024-10-08 11:59:17.261733,5789.5,5792.0,5792.75,5,6
2024-10-08 11:59:18.265561,5789.5,5792.0,5792.75,5,6
2024-10-08 11:59:19.268390,5789.5,5792.25,5793.0,5,6
2024-10-08 11:59:20.272218,5789.5,5792.0,5792.75,5,6
2024-10-08 11:59:21.276045,5789.5,5792.0,5792.75,5,6
2024-10-08 11:59:22.279873,5789.5,5792.25,5793.0,5,4
2024-10-08 11:59:23.282701,5789.5,5792.25,5793.0,5,4
2024-10-08 11:59:24.286529,5789.5,5792.25,5793.0,5,4
2024-10-08 11:59:25.289358,5789.5,5792.25,5793.0,5,4
2024-10-08 11:59:26.292187,5789.5,5792.0,5792.75,5,6
2024-10-08 11:59:27.296014,5789.5,5791.75,5792.5,5,6
2024-10-08 11:59:28.299842,5789.5,5791.75,5792.5,5,6
2024-10-08 11:59:29.302671,5789.5,5791.75,5792.5,5,6
2024-10-08 11:59:30.306498,5789.5,5792.0,5792.75,5,4
2024-10-08 11:59:31.309327,5789.5,5792.0,5792.75,5,4
2024-10-08 11:59:32.313155,5789.5,5792.0,5792.75,5,6
2024-10-08 11:59:33.315983,5789.5,5792.0,5792.75,5,6
2024-10-08 11:59:34.318812,5789.5,5792.0,5792.75,5,6
2024-10-08 11:59:35.321641,5789.5,5792.0,5792.75,5,6
2024-10-08 11:59:36.324470,5789.5,5791.5,5792.25,5,6
2024-10-08 11:59:37.327299,5789.5,5791.5,5792.25,5,6
2024-10-08 11:59:38.330127,5789.5,5791.25,5792.0,5,6
2024-10-08 11:59:39.333955,5789.5,5791.0,5791.75,5,6
2024-10-08 11:59:40.336784,5789.5,5791.0,5791.75,5,6
2024-10-08 11:59:41.340611,5789.5,5791.0,5791.5,5,4
2024-10-08 11:59:42.343440,5789.5,5790.75,5791.5,5,2
2024-10-08 11:59:43.346269,5789.5,5790.5,5791.25,5,2
2024-10-08 11:59:44.349100,5789.5,5790.5,5791.25,5,2
2024-10-08 11:59:45.351926,5789.5,5790.25,5791.0,5,6
2024-10-08 11:59:46.355754,5789.5,5790.25,5791.0,5,6
2024-10-08 11:59:47.358583,5789.5,5789.75,5790.5,5,6
2024-10-08 11:59:48.364408,5789.5,5789.75,5790.5,5,6
2024-10-08 11:59:49.367237,5789.5,5789.75,5790.5,5,6
2024-10-08 11:59:50.371065,5789.5,5789.75,5790.5,5,6
2024-10-08 11:59:51.375891,5789.5,5789.5,5790.25,5,6
2024-10-08 11:59:52.378720,5789.5,5789.5,5790.25,5,6
2024-10-08 11:59:53.381548,5789.5,5789.5,5790.25,5,6
2024-10-08 11:59:54.385376,5789.5,5789.25,5790.0,5,6
2024-10-08 11:59:55.388205,5789.5,5789.25,5789.75,5,2
2024-10-08 11:59:56.392032,5789.5,5789.25,5790.0,5,4
2024-10-08 11:59:57.394862,5789.5,5789.5,5790.25,5,4
2024-10-08 11:59:58.477597,5789.5,5789.5,5790.25,5,2
2024-10-08 11:59:59.481424,5789.5,5789.75,5790.25,5,2
2024-10-08 12:00:00.485252,5789.5,5789.75,5790.5,5,4
2024-10-08 12:00:01.488081,5789.5,5789.75,5790.5,5,4
2024-10-08 12:00:02.492908,5789.5,5789.75,5790.5,5,6
2024-10-08 12:00:03.496735,5789.5,5790.5,5791.0,5,6
2024-10-08 12:00:04.501561,5789.5,5790.25,5791.0,5,6
2024-10-08 12:00:05.504390,5789.5,5790.25,5791.0,5,2
2024-10-08 12:00:06.508217,5789.5,5790.5,5791.25,5,6
2024-10-08 12:00:07.512045,5789.5,5790.5,5791.0,5,2
2024-10-08 12:00:08.517870,5789.5,5790.5,5791.25,5,6
2024-10-08 12:00:09.520699,5789.5,5790.75,5791.5,5,6
2024-10-08 12:00:10.523528,5789.5,5791.25,5791.75,5,2
2024-10-08 12:00:11.529385,5789.5,5791.25,5792.0,5,6
2024-10-08 12:00:12.535179,5789.5,5791.25,5792.0,5,6
2024-10-08 12:00:13.538007,5789.5,5791.0,5791.75,5,6
2024-10-08 12:00:14.540836,5789.5,5790.75,5791.5,5,6
2024-10-08 12:00:15.544664,5789.5,5791.0,5791.75,5,6
2024-10-08 12:00:16.547492,5789.5,5791.0,5791.75,5,6
2024-10-08 12:00:17.550321,5789.5,5791.25,5792.0,5,6
2024-10-08 12:00:18.553150,5789.5,5791.25,5792.0,5,6
2024-10-08 12:00:19.556978,5789.5,5791.5,5792.0,5,2
2024-10-08 12:00:20.559806,5789.5,5791.25,5792.0,5,6
2024-10-08 12:00:21.562635,5789.5,5791.25,5792.0,5,6
2024-10-08 12:00:22.567461,5789.5,5791.25,5792.0,5,6
2024-10-08 12:00:23.570290,5789.5,5791.5,5792.25,5,6
2024-10-08 12:00:24.573119,5789.5,5791.5,5792.25,5,6
2024-10-08 12:00:25.575948,5789.5,5791.5,5792.25,5,2
2024-10-08 12:00:26.579776,5789.5,5791.5,5792.25,5,2
2024-10-08 12:00:27.584602,5789.5,5791.5,5792.25,5,2
2024-10-08 12:00:28.587431,5789.5,5791.5,5792.25,5,2
2024-10-08 12:00:29.594255,5789.5,5791.75,5792.5,5,6
2024-10-08 12:00:30.598083,5789.5,5791.75,5792.5,5,6
2024-10-08 12:00:31.600912,5789.5,5792.0,5792.75,5,6
2024-10-08 12:00:32.605738,5789.5,5792.25,5792.75,5,2
2024-10-08 12:00:33.608567,5789.5,5792.25,5792.75,5,2
2024-10-08 12:00:34.612394,5789.5,5792.25,5793.0,5,4
2024-10-08 12:00:35.617220,5793.0,5792.25,5793.0,1,0
2024-10-08 12:00:36.620050,5793.0,5792.25,5793.0,1,0
2024-10-08 12:00:37.623878,5793.0,5792.25,5793.0,1,0
2024-10-08 12:00:38.627705,5793.0,5792.25,5793.0,1,0
2024-10-08 12:00:39.630533,5792.25,5792.25,5793.0,1,0
2024-10-08 12:00:40.633362,5792.25,5792.25,5793.0,1,0
2024-10-08 12:00:41.637190,5792.25,5792.25,5793.0,1,0
2024-10-08 12:00:42.641018,5792.25,5792.5,5793.25,1,6
2024-10-08 12:00:43.644846,5792.25,5792.5,5793.25,1,6
2024-10-08 12:00:44.648673,5792.25,5792.5,5793.25,1,6
2024-10-08 12:00:45.651502,5792.25,5792.5,5793.25,1,6
2024-10-08 12:00:46.654331,5792.25,5792.5,5793.25,1,6
2024-10-08 12:00:47.658158,5792.25,5792.5,5793.25,1,6
2024-10-08 12:00:48.661986,5792.25,5792.5,5793.25,1,6
2024-10-08 12:00:49.664814,5792.25,5792.5,5793.25,1,6
2024-10-08 12:00:50.668643,5792.25,5792.5,5793.25,1,6
2024-10-08 12:00:51.671471,5792.25,5792.25,5793.0,1,6
2024-10-08 12:00:52.674299,5792.25,5792.25,5793.0,1,6
2024-10-08 12:00:53.677128,5792.25,5792.25,5793.0,1,6
2024-10-08 12:00:54.679958,5792.25,5792.25,5793.0,1,6
2024-10-08 12:00:55.682786,5792.25,5792.5,5793.0,1,2
2024-10-08 12:00:56.686614,5793.0,5792.5,5793.25,1,6
2024-10-08 12:00:57.690441,5793.0,5792.75,5793.5,1,6
2024-10-08 12:00:58.693270,5793.0,5792.75,5793.5,1,6
2024-10-08 12:00:59.696098,5793.0,5792.75,5793.5,1,6
2024-10-08 12:01:00.698927,5793.0,5792.75,5793.25,1,4
2024-10-08 12:01:01.701756,5793.0,5792.25,5793.0,1,6
2024-10-08 12:01:02.706582,5793.0,5792.25,5793.0,1,6
2024-10-08 12:01:03.709411,5793.0,5792.25,5793.0,1,6
2024-10-08 12:01:04.712240,5793.0,5792.0,5792.75,1,6
2024-10-08 12:01:05.716068,5793.0,5792.0,5792.75,1,6
2024-10-08 12:01:06.719895,5793.0,5792.25,5792.75,1,2
2024-10-08 12:01:07.723723,5793.0,5792.0,5792.75,1,2
2024-10-08 12:01:08.726552,5793.0,5792.0,5792.75,1,2
2024-10-08 12:01:09.729380,5792.25,5791.75,5792.5,3,6
2024-10-08 12:01:10.733208,5792.25,5792.0,5792.75,3,6
2024-10-08 12:01:11.737035,5792.25,5792.25,5792.75,3,4
2024-10-08 12:01:12.739865,5792.25,5792.25,5793.0,3,4
2024-10-08 12:01:13.743692,5792.25,5792.25,5793.0,3,4
2024-10-08 12:01:14.747520,5792.25,5791.75,5792.5,3,6
2024-10-08 12:01:15.751348,5792.25,5792.0,5792.75,3,6
2024-10-08 12:01:16.754176,5792.25,5792.25,5793.0,3,6
2024-10-08 12:01:17.757005,5792.25,5792.25,5793.0,3,2
2024-10-08 12:01:18.760832,5792.25,5792.25,5793.0,3,2
2024-10-08 12:01:19.763661,5792.25,5792.25,5793.0,3,2
2024-10-08 12:01:20.767489,5792.25,5792.0,5792.75,3,6
2024-10-08 12:01:21.772315,5792.25,5792.0,5792.75,3,6
2024-10-08 12:01:22.775144,5792.25,5792.25,5793.0,3,6
2024-10-08 12:01:23.777973,5792.25,5792.25,5793.0,3,6
2024-10-08 12:01:24.780802,5792.25,5792.0,5792.75,3,6
2024-10-08 12:01:25.784629,5792.25,5792.25,5793.0,3,6
2024-10-08 12:01:26.787459,5792.25,5792.25,5793.0,3,6
2024-10-08 12:01:27.790287,5792.25,5792.0,5792.75,3,6
2024-10-08 12:01:28.794114,5792.25,5792.0,5792.75,3,6
2024-10-08 12:01:29.797942,5792.25,5792.0,5792.5,3,4
2024-10-08 12:01:30.800771,5792.25,5791.75,5792.5,3,2
2024-10-08 12:01:31.803600,5792.25,5792.0,5792.75,3,6
2024-10-08 12:01:32.807427,5792.25,5792.0,5792.75,3,6
2024-10-08 12:01:33.810256,5792.25,5791.75,5792.5,3,6
2024-10-08 12:01:34.813085,5792.25,5791.75,5792.5,3,6
2024-10-08 12:01:35.822905,5792.25,5792.0,5792.75,3,6
2024-10-08 12:01:36.825734,5792.25,5791.75,5792.5,3,6
2024-10-08 12:01:37.827565,5792.25,5792.25,5792.75,3,2
2024-10-08 12:01:38.830393,5792.25,5792.0,5792.75,3,2
2024-10-08 12:01:39.833221,5792.25,5791.5,5792.25,3,2
2024-10-08 12:01:40.836052,5792.25,5791.5,5792.25,3,2
2024-10-08 12:01:41.840878,5792.25,5790.75,5791.5,3,6
2024-10-08 12:01:42.843706,5792.25,5791.0,5791.75,3,6
2024-10-08 12:01:43.847534,5792.25,5790.5,5791.25,3,6
2024-10-08 12:01:44.849364,5792.25,5790.5,5791.25,3,6
2024-10-08 12:01:45.852192,5792.25,5790.5,5791.0,3,4
2024-10-08 12:01:46.858017,5792.25,5790.0,5790.75,3,6
2024-10-08 12:01:47.861845,5792.25,5790.25,5791.0,3,4
2024-10-08 12:01:48.864673,5792.25,5790.25,5791.0,3,4
2024-10-08 12:01:49.867502,5792.25,5790.25,5791.0,3,2
2024-10-08 12:01:50.870332,5792.25,5790.25,5791.0,3,2
2024-10-08 12:01:51.876157,5792.25,5790.25,5791.0,3,2
2024-10-08 12:01:52.882981,5792.25,5790.25,5790.75,3,4
2024-10-08 12:01:53.886808,5792.25,5790.25,5790.75,3,2
2024-10-08 12:01:54.889637,5792.25,5790.25,5791.0,3,2
2024-10-08 12:01:55.892466,5792.25,5790.25,5790.75,3,4
2024-10-08 12:01:56.896293,5792.25,5790.5,5791.0,3,6
2024-10-08 12:01:57.899122,5792.25,5790.5,5791.0,3,6
2024-10-08 12:01:58.901951,5792.25,5790.25,5791.0,3,2
2024-10-08 12:01:59.904780,5792.25,5790.25,5790.75,3,4
2024-10-08 12:02:00.907608,5792.25,5790.0,5790.75,3,2
2024-10-08 12:02:01.911436,5792.25,5790.75,5791.25,3,6
2024-10-08 12:02:02.913266,5792.25,5790.75,5791.5,3,4
2024-10-08 12:02:03.916095,5792.25,5791.0,5791.75,3,4
2024-10-08 12:02:04.918924,5792.25,5791.25,5791.75,3,2
2024-10-08 12:02:05.921752,5792.25,5791.0,5791.75,3,2
2024-10-08 12:02:06.927578,5792.25,5791.25,5791.75,3,2
2024-10-08 12:02:07.931405,5792.25,5791.25,5792.0,3,4
2024-10-08 12:02:08.936231,5792.25,5791.0,5791.75,3,6
2024-10-08 12:02:09.942057,5792.25,5790.75,5791.5,3,6
2024-10-08 12:02:10.944886,5792.25,5790.75,5791.25,3,4
2024-10-08 12:02:11.947715,5792.25,5790.75,5791.5,3,4
2024-10-08 12:02:12.951542,5792.25,5790.75,5791.25,3,2
2024-10-08 12:02:13.954371,5792.25,5790.75,5791.25,3,2
2024-10-08 12:02:14.958198,5792.25,5790.5,5791.25,3,2
2024-10-08 12:02:15.961027,5792.25,5791.0,5791.75,3,4
2024-10-08 12:02:16.963857,5792.25,5791.25,5791.75,3,2
2024-10-08 12:02:17.967684,5792.25,5791.0,5791.75,3,2
2024-10-08 12:02:18.970512,5792.25,5791.0,5791.75,3,2
2024-10-08 12:02:19.974340,5792.25,5791.0,5791.75,3,2
2024-10-08 12:02:20.977169,5792.25,5791.0,5791.75,3,2
2024-10-08 12:02:21.980996,5792.25,5791.0,5791.75,3,2
2024-10-08 12:02:22.983828,5792.25,5791.25,5792.0,3,4
2024-10-08 12:02:23.987653,5792.25,5791.75,5792.5,3,6
2024-10-08 12:02:24.990482,5792.25,5791.0,5791.75,3,6
2024-10-08 12:02:25.993310,5792.25,5791.0,5791.5,3,2
2024-10-08 12:02:26.996140,5792.25,5791.0,5791.75,3,4
2024-10-08 12:02:27.998968,5792.25,5791.25,5792.0,3,6
2024-10-08 12:02:29.001798,5792.25,5791.25,5792.0,3,6
2024-10-08 12:02:30.005624,5792.25,5791.5,5792.25,3,6
2024-10-08 12:02:31.008453,5792.25,5791.75,5792.5,3,6
2024-10-08 12:02:32.011282,5792.25,5791.75,5792.25,3,2
2024-10-08 12:02:33.015110,5792.25,5791.75,5792.5,3,4
2024-10-08 12:02:34.017938,5792.25,5791.75,5792.5,3,4
2024-10-08 12:02:35.020768,5792.25,5791.75,5792.5,3,4
2024-10-08 12:02:36.023596,5792.25,5791.75,5792.5,3,6
2024-10-08 12:02:37.027423,5792.25,5791.5,5792.25,3,6
2024-10-08 12:02:38.031251,5792.25,5791.5,5792.25,3,6
2024-10-08 12:02:39.034080,5792.25,5791.5,5792.25,3,6
2024-10-08 12:02:40.038906,5792.25,5791.75,5792.5,3,4
2024-10-08 12:02:41.041735,5792.25,5791.5,5792.25,3,2
2024-10-08 12:02:42.048559,5792.25,5791.5,5792.25,3,2
2024-10-08 12:02:43.051389,5792.25,5791.75,5792.25,3,2
2024-10-08 12:02:44.055216,5792.25,5791.75,5792.5,3,4
2024-10-08 12:02:45.058045,5792.25,5791.75,5792.5,3,4
2024-10-08 12:02:46.060873,5792.25,5791.75,5792.5,3,4
2024-10-08 12:02:47.063702,5792.25,5791.75,5792.5,3,4
2024-10-08 12:02:48.069527,5792.25,5791.5,5792.25,3,6
2024-10-08 12:02:49.072356,5792.25,5791.75,5792.5,3,6
2024-10-08 12:02:50.075185,5792.25,5791.75,5792.5,3,6
2024-10-08 12:02:51.078013,5792.25,5792.0,5792.5,3,2
2024-10-08 12:02:52.080843,5792.25,5792.0,5792.5,3,2
2024-10-08 12:02:53.084673,5792.25,5792.0,5792.5,3,2
2024-10-08 12:02:54.087499,5792.75,5792.0,5792.75,1,6
2024-10-08 12:02:55.090327,5792.75,5792.25,5793.0,1,6
2024-10-08 12:02:56.093156,5792.75,5792.25,5793.0,1,6
2024-10-08 12:02:57.095986,5792.75,5792.25,5793.0,1,6
2024-10-08 12:02:58.100812,5792.75,5792.25,5793.0,1,6
2024-10-08 12:02:59.105638,5792.75,5792.5,5793.0,1,2
2024-10-08 12:03:00.109466,5792.75,5792.25,5793.0,1,2
2024-10-08 12:03:01.115291,5792.75,5792.25,5793.0,1,2
2024-10-08 12:03:02.119118,5792.75,5792.25,5793.0,1,2
2024-10-08 12:03:03.121947,5792.75,5792.25,5793.0,1,2
2024-10-08 12:03:04.124776,5792.75,5792.25,5793.0,1,2
2024-10-08 12:03:05.127605,5792.75,5792.25,5793.0,1,4
2024-10-08 12:03:06.131432,5792.75,5792.25,5793.0,1,6
2024-10-08 12:03:07.134261,5792.75,5791.75,5792.5,1,6
2024-10-08 12:03:08.155069,5792.75,5791.75,5792.5,1,6
2024-10-08 12:03:09.157897,5792.75,5791.75,5792.5,1,6
2024-10-08 12:03:10.160726,5792.75,5791.75,5792.5,1,4
2024-10-08 12:03:11.163555,5792.75,5791.5,5792.25,1,6
2024-10-08 12:03:12.167383,5792.75,5791.75,5792.5,1,6
2024-10-08 12:03:13.172210,5792.75,5791.75,5792.5,1,6
2024-10-08 12:03:14.175038,5792.75,5791.75,5792.5,1,6
2024-10-08 12:03:15.177867,5792.75,5791.75,5792.5,1,6
2024-10-08 12:03:16.184691,5792.75,5791.75,5792.5,1,6
2024-10-08 12:03:17.187520,5792.75,5791.75,5792.5,1,6
2024-10-08 12:03:18.243287,5792.75,5791.75,5792.5,1,6
2024-10-08 12:03:19.247114,5792.75,5791.75,5792.5,1,6
2024-10-08 12:03:20.249943,5792.75,5792.0,5792.75,1,6
2024-10-08 12:03:21.253770,5792.75,5791.75,5792.5,1,6
2024-10-08 12:03:22.257598,5792.75,5791.75,5792.5,1,6
2024-10-08 12:03:23.261427,5792.75,5791.75,5792.5,1,6
2024-10-08 12:03:24.265254,5792.75,5792.0,5792.75,1,6
2024-10-08 12:03:25.269081,5792.75,5792.0,5792.75,1,6
2024-10-08 12:03:26.270912,5792.75,5791.75,5792.5,1,6
2024-10-08 12:03:27.273740,5792.0,5791.75,5792.5,94,120
2024-10-08 12:03:28.276568,5792.0,5791.25,5792.0,94,6
2024-10-08 12:03:29.279398,5792.0,5791.5,5792.25,94,6
2024-10-08 12:03:30.283225,5792.0,5791.5,5792.25,94,6
2024-10-08 12:03:31.286054,5792.0,5791.75,5792.5,94,6
2024-10-08 12:03:32.289882,5792.0,5791.75,5792.5,94,6
2024-10-08 12:03:33.309691,5792.0,5791.75,5792.5,94,6
2024-10-08 12:03:34.312519,5792.0,5791.5,5792.25,94,6
2024-10-08 12:03:35.314349,5792.0,5791.5,5792.25,94,6
2024-10-08 12:03:36.318177,5792.0,5791.25,5792.0,94,6
2024-10-08 12:03:37.322007,5792.0,5791.5,5792.25,94,6
2024-10-08 12:03:38.326830,5792.0,5791.5,5792.25,94,6
2024-10-08 12:03:39.329659,5792.0,5791.5,5792.25,94,6
2024-10-08 12:03:40.331490,5792.0,5791.75,5792.5,94,4
2024-10-08 12:03:41.334318,5792.0,5792.0,5792.5,94,2
2024-10-08 12:03:42.338146,5792.0,5791.75,5792.5,94,2
2024-10-08 12:03:43.341974,5792.0,5791.75,5792.5,94,2
2024-10-08 12:03:44.347799,5792.0,5791.75,5792.5,94,6
2024-10-08 12:03:45.350627,5792.0,5791.75,5792.25,94,4
2024-10-08 12:03:46.353457,5792.0,5791.75,5792.25,94,4
2024-10-08 12:03:47.358283,5792.0,5792.0,5792.5,94,2
2024-10-08 12:03:48.362111,5792.0,5791.75,5792.5,94,2
2024-10-08 12:03:49.366937,5792.0,5791.75,5792.5,94,2
2024-10-08 12:03:50.370764,5792.0,5791.75,5792.5,94,2
2024-10-08 12:03:51.373593,5792.0,5791.75,5792.5,94,2
2024-10-08 12:03:52.376422,5792.0,5792.0,5792.5,94,2
2024-10-08 12:03:53.406219,5792.0,5791.75,5792.5,94,2
